Date,Open,High,Low,Close,Volume,Turnover
06-02-2017,0.79,0.79,0.76,0.76,7430,5848
03-02-2017,0.79,0.79,0.79,0.79,310,244
02-02-2017,0.83,0.83,0.83,0.83,75,62
31-01-2017,0.87,0.87,0.87,0.87,1050,913
25-01-2017,0.91,0.91,0.91,0.91,400,364
24-01-2017,0.91,0.91,0.9,0.91,3632,3303
23-01-2017,0.91,0.91,0.91,0.91,55,50
20-01-2017,0.93,0.93,0.92,0.92,74,68
19-01-2017,0.89,0.89,0.89,0.89,77,68
18-01-2017,0.88,0.88,0.85,0.85,84,73
17-01-2017,0.84,0.88,0.84,0.86,8100,6806
12-01-2017,0.89,0.89,0.88,0.88,10105,8993
10-01-2017,0.93,0.93,0.85,0.85,155,136
09-01-2017,0.89,0.89,0.89,0.89,60,53
06-01-2017,0.9,0.9,0.89,0.89,580,517
05-01-2017,0.86,0.86,0.86,0.86,110,94
04-01-2017,0.84,0.84,0.82,0.82,705,588
03-01-2017,0.79,0.8,0.79,0.8,5865,4656
02-01-2017,0.77,0.77,0.77,0.77,400,308
30-12-2016,0.75,0.75,0.75,0.75,300,225
29-12-2016,0.7,0.76,0.7,0.76,1152,806
27-12-2016,0.73,0.73,0.73,0.73,1200,876
26-12-2016,0.84,0.84,0.76,0.76,312,242
22-12-2016,0.8,0.8,0.8,0.8,2000,1600
21-12-2016,0.88,0.88,0.8,0.8,1479,1189
20-12-2016,0.84,0.84,0.84,0.84,250,210
14-12-2016,0.88,0.88,0.88,0.88,700,616
13-12-2016,0.88,0.88,0.88,0.88,4,3
12-12-2016,0.88,0.89,0.88,0.89,100,88
06-12-2016,0.9,0.9,0.9,0.9,15,13
05-12-2016,0.9,0.9,0.9,0.9,500,450
29-11-2016,0.96,0.96,0.91,0.91,1104,1024
28-11-2016,0.96,0.96,0.95,0.95,12065,11492
25-11-2016,0.93,0.93,0.93,0.93,264,245
24-11-2016,0.93,0.93,0.92,0.92,89,82
23-11-2016,0.9,0.9,0.9,0.9,65,58
21-11-2016,0.89,0.89,0.89,0.89,400,356
18-11-2016,0.92,0.92,0.9,0.9,182,167
17-11-2016,0.94,0.94,0.86,0.9,2973,2638
16-11-2016,0.9,0.9,0.9,0.9,1069,962
15-11-2016,0.92,0.92,0.86,0.86,171,150
11-11-2016,0.9,0.9,0.9,0.9,69,62
10-11-2016,0.87,0.89,0.87,0.89,10191,8866
09-11-2016,0.91,0.91,0.9,0.91,10001,9022
08-11-2016,0.88,0.88,0.87,0.88,137,120
07-11-2016,0.91,0.91,0.84,0.84,3593,3066
04-11-2016,0.88,0.88,0.84,0.88,9239,7990
03-11-2016,0.84,0.84,0.84,0.84,69,57
02-11-2016,0.8,0.8,0.77,0.8,285,224
01-11-2016,0.81,0.81,0.77,0.77,4239,3387
25-10-2016,0.78,0.78,0.78,0.78,87,67
24-10-2016,0.81,0.81,0.75,0.75,40165,30256
21-10-2016,0.78,0.78,0.78,0.78,6184,4823
20-10-2016,0.77,0.77,0.76,0.76,384,292
19-10-2016,0.8,0.8,0.74,0.74,15384,11993
18-10-2016,0.78,0.78,0.77,0.77,1218,948
17-10-2016,0.78,0.78,0.75,0.75,8000,6150
14-10-2016,0.72,0.78,0.72,0.78,5535,4247
07-10-2016,0.74,0.75,0.74,0.75,5050,3773
06-10-2016,0.72,0.72,0.72,0.72,50671,36483
05-10-2016,0.71,0.71,0.71,0.71,2000,1420
04-10-2016,0.7,0.7,0.68,0.68,27500,19200
28-09-2016,0.7,0.7,0.7,0.7,3000,2100
27-09-2016,0.72,0.72,0.7,0.7,3994,2851
26-09-2016,0.69,0.69,0.69,0.69,90,62
23-09-2016,0.66,0.66,0.6,0.66,2055,1350
22-09-2016,0.57,0.63,0.57,0.63,10634,6079
21-09-2016,0.6,0.6,0.6,0.6,1000,600
20-09-2016,0.63,0.63,0.63,0.63,100,63
16-09-2016,0.65,0.65,0.63,0.63,75833,47814
15-09-2016,0.69,0.69,0.66,0.66,1099,755
14-09-2016,0.69,0.74,0.69,0.69,22900,15851
12-09-2016,0.72,0.72,0.72,0.72,8500,6120
08-09-2016,0.75,0.75,0.75,0.75,50,37
02-09-2016,0.74,0.74,0.74,0.74,1000,740
01-09-2016,0.75,0.75,0.74,0.75,21100,15723
30-08-2016,0.73,0.73,0.67,0.72,9980,6984
29-08-2016,0.7,0.7,0.64,0.7,10091,6463
26-08-2016,0.73,0.73,0.67,0.67,5490,3683
25-08-2016,0.73,0.76,0.7,0.7,5300,3722
23-08-2016,0.73,0.76,0.73,0.73,1111,814
22-08-2016,0.78,0.78,0.73,0.73,175,133
19-08-2016,0.76,0.76,0.72,0.76,2575,1917
18-08-2016,0.67,0.73,0.67,0.73,3356,2434
17-08-2016,0.76,0.76,0.7,0.7,114084,86593
12-08-2016,0.73,0.73,0.73,0.73,100,73
11-08-2016,0.71,0.71,0.71,0.71,90,63
09-08-2016,0.69,0.69,0.69,0.69,1000,690
04-08-2016,0.66,0.66,0.66,0.66,92,60
03-08-2016,0.58,0.63,0.58,0.63,3010,1895
02-08-2016,0.6,0.6,0.6,0.6,1000,600
01-08-2016,0.58,0.58,0.58,0.58,30791,17858
29-07-2016,0.56,0.56,0.56,0.56,5000,2800
26-07-2016,0.5,0.54,0.5,0.54,290,149
25-07-2016,0.52,0.52,0.52,0.52,682,354
22-07-2016,0.54,0.54,0.54,0.54,318,171
21-07-2016,0.56,0.56,0.56,0.56,11700,6552
19-07-2016,0.57,0.57,0.57,0.57,2200,1254
18-07-2016,0.6,0.6,0.6,0.6,110,66
05-07-2016,0.59,0.59,0.58,0.58,1703,992
28-06-2016,0.61,0.61,0.61,0.61,10,6
20-06-2016,0.59,0.59,0.59,0.59,10,5
07-06-2016,0.55,0.57,0.55,0.57,1500,835
03-06-2016,0.57,0.57,0.57,0.57,700,399
26-05-2016,0.63,0.63,0.6,0.6,1417,892
25-05-2016,0.6,0.6,0.6,0.6,1,0
24-05-2016,0.58,0.58,0.58,0.58,1,0
20-05-2016,0.53,0.56,0.52,0.56,10800,5721
19-05-2016,0.58,0.58,0.54,0.54,22117,12396
18-05-2016,0.57,0.6,0.56,0.56,20692,12377
17-05-2016,0.58,0.58,0.58,0.58,500,290
16-05-2016,0.56,0.56,0.56,0.56,2710,1517
13-05-2016,0.56,0.56,0.56,0.56,5635,3155
12-05-2016,0.58,0.58,0.57,0.57,8000,4565
10-05-2016,0.57,0.6,0.57,0.6,24251,14203
09-05-2016,0.64,0.64,0.58,0.58,8669,5364
06-05-2016,0.61,0.61,0.61,0.61,28000,17080
05-05-2016,0.64,0.64,0.58,0.64,7195,4562
04-05-2016,0.61,0.62,0.61,0.61,19416,11848
03-05-2016,0.64,0.64,0.64,0.64,9509,6085
29-04-2016,0.67,0.67,0.67,0.67,17092,11451
28-04-2016,0.7,0.7,0.7,0.7,90,63
27-04-2016,0.73,0.73,0.73,0.73,4000,2920
26-04-2016,0.73,0.73,0.73,0.73,4557,3326
25-04-2016,0.76,0.76,0.76,0.76,1000,760
21-04-2016,0.76,0.79,0.76,0.79,5500,4195
20-04-2016,0.76,0.76,0.76,0.76,100,76
18-04-2016,0.73,0.73,0.73,0.73,2800,2044
13-04-2016,0.7,0.7,0.7,0.7,17900,12530
12-04-2016,0.67,0.67,0.67,0.67,100,67
11-04-2016,0.69,0.69,0.69,0.69,1500,1035
08-04-2016,0.72,0.72,0.66,0.66,35500,24595
07-04-2016,0.65,0.7,0.64,0.69,34745,22774
06-04-2016,0.62,0.67,0.62,0.67,390,246
05-04-2016,0.64,0.67,0.64,0.64,47880,30778
04-04-2016,0.67,0.67,0.67,0.67,390,261
31-03-2016,0.76,0.76,0.7,0.7,2111,1559
30-03-2016,0.73,0.79,0.73,0.73,11412,8334
29-03-2016,0.76,0.76,0.76,0.76,1300,988
28-03-2016,0.8,0.8,0.79,0.79,2290,1810
23-03-2016,0.83,0.83,0.83,0.83,1500,1245
22-03-2016,0.83,0.83,0.83,0.83,691,573
21-03-2016,0.85,0.85,0.8,0.84,301,246
18-03-2016,0.84,0.84,0.81,0.81,1069,866
17-03-2016,0.74,0.8,0.74,0.8,10010,7408
16-03-2016,0.77,0.77,0.71,0.77,3002,2131
15-03-2016,0.74,0.74,0.74,0.74,49680,36763
14-03-2016,0.72,0.77,0.71,0.77,26301,18738
11-03-2016,0.74,0.74,0.74,0.74,7400,5476
10-03-2016,0.77,0.77,0.77,0.77,1807,1391
09-03-2016,0.84,0.84,0.76,0.81,39761,30230
08-03-2016,0.86,0.88,0.8,0.8,1502,1201
04-03-2016,0.84,0.84,0.84,0.84,961,807
03-03-2016,0.88,0.88,0.88,0.88,59,51
02-03-2016,0.87,0.87,0.86,0.86,1059,911
01-03-2016,0.86,0.86,0.78,0.85,12302,10240
29-02-2016,0.87,0.87,0.82,0.82,534,444
26-02-2016,0.87,0.87,0.86,0.86,126,108
25-02-2016,0.81,0.85,0.77,0.83,1332,1034
24-02-2016,0.84,0.84,0.81,0.81,10001,8250
23-02-2016,0.8,0.81,0.75,0.8,28,22
22-02-2016,0.78,0.8,0.74,0.78,33303,25510
19-02-2016,0.78,0.78,0.72,0.77,2659,1976
18-02-2016,0.72,0.75,0.72,0.75,101,72
17-02-2016,0.72,0.72,0.72,0.72,19960,14371
15-02-2016,0.76,0.76,0.7,0.75,795,556
12-02-2016,0.79,0.79,0.73,0.73,17551,13169
11-02-2016,0.76,0.82,0.76,0.76,15673,11912
10-02-2016,0.87,0.87,0.79,0.79,54016,42913
09-02-2016,0.89,0.89,0.82,0.83,1352,1119
05-02-2016,0.79,0.87,0.79,0.86,16852,13383
04-02-2016,0.87,0.87,0.83,0.83,11001,9130
03-02-2016,0.87,0.87,0.87,0.87,200,174
02-02-2016,0.91,0.91,0.91,0.91,1,0
01-02-2016,0.91,0.91,0.91,0.91,1,0
29-01-2016,0.91,0.91,0.87,0.91,1731,1563
28-01-2016,0.91,0.91,0.91,0.91,9414,8566
27-01-2016,0.91,0.91,0.83,0.91,17500,14659
25-01-2016,0.91,0.91,0.87,0.87,11250,10002
22-01-2016,0.95,0.99,0.91,0.91,21521,20384
21-01-2016,0.95,0.95,0.95,0.95,11010,10459
20-01-2016,1,1,1,1,15,15
19-01-2016,1,1,0.95,1,4798,4668
18-01-2016,1.05,1.05,1,1,5215,5465
15-01-2016,1.1,1.1,1.05,1.05,4040,4242
14-01-2016,1.02,1.05,0.95,1.05,3309,3443
13-01-2016,1,1,0.94,1,2158,2098
12-01-2016,0.98,0.99,0.91,0.98,62285,61068
11-01-2016,0.95,0.95,0.91,0.95,9407,8920
08-01-2016,0.89,0.93,0.85,0.93,20404,17929
07-01-2016,0.89,0.89,0.81,0.89,41582,33704
06-01-2016,0.88,0.89,0.84,0.85,64152,55890
05-01-2016,0.84,0.88,0.84,0.88,98904,85726
04-01-2016,0.87,0.87,0.84,0.84,31835,27358
01-01-2016,0.95,0.95,0.87,0.87,8224,7420
31-12-2015,0.87,0.91,0.87,0.91,23071,20277
30-12-2015,0.87,0.91,0.87,0.91,42,37
29-12-2015,0.91,0.91,0.87,0.91,19701,17750
28-12-2015,0.91,0.91,0.91,0.91,3720,3385
24-12-2015,1,1,0.95,0.95,35413,33652
23-12-2015,0.99,0.99,0.99,0.99,37050,36679
22-12-2015,1.04,1.14,1.04,1.04,55300,61612
21-12-2015,1.15,1.15,1.09,1.09,48661,53040
18-12-2015,1.26,1.26,1.14,1.14,58766,71805
17-12-2015,1.2,1.2,1.2,1.2,4726,5671
16-12-2015,1.26,1.26,1.26,1.26,30000,37800
15-12-2015,1.32,1.32,1.32,1.32,41000,54120
14-12-2015,1.32,1.32,1.32,1.32,20000,26400
11-12-2015,1.38,1.38,1.38,1.38,40000,55200
10-12-2015,1.39,1.39,1.27,1.38,43200,59908
09-12-2015,1.33,1.33,1.32,1.33,21247,28058
08-12-2015,1.23,1.27,1.15,1.27,66455,83776
07-12-2015,1.21,1.21,1.21,1.21,2164,2618
04-12-2015,1.28,1.28,1.21,1.22,6300,7626
03-12-2015,1.22,1.22,1.22,1.22,35004,42704
02-12-2015,1.17,1.17,1.17,1.17,8659,10131
01-12-2015,1.12,1.12,1.02,1.12,30500,34110
30-11-2015,1.16,1.17,1.07,1.07,2553,2917
27-11-2015,1.13,1.13,1.03,1.12,38526,41144
26-11-2015,1.18,1.18,1.08,1.08,2886,3332
24-11-2015,1.23,1.23,1.13,1.13,25130,30859
23-11-2015,1.3,1.3,1.18,1.18,2115,2628
20-11-2015,1.24,1.24,1.24,1.24,22174,27495
17-11-2015,1.34,1.34,1.29,1.3,50092,64621
16-11-2015,1.29,1.29,1.29,1.29,322,415
13-11-2015,1.36,1.36,1.34,1.35,30157,40412
10-11-2015,1.3,1.36,1.3,1.36,646,845
09-11-2015,1.32,1.32,1.3,1.3,20104,26136
06-11-2015,1.32,1.32,1.32,1.32,502,662
05-11-2015,1.3,1.3,1.18,1.27,17542,22370
04-11-2015,1.24,1.24,1.24,1.24,17177,21299
03-11-2015,1.28,1.3,1.28,1.3,50002,64002
30-10-2015,1.34,1.34,1.3,1.34,70000,93779
29-10-2015,1.32,1.32,1.31,1.31,1039,1371
28-10-2015,1.25,1.26,1.25,1.26,50046,62557
27-10-2015,1.28,1.3,1.18,1.2,6185,7410
26-10-2015,1.19,1.24,1.19,1.24,58314,71664
23-10-2015,1.1,1.19,1.1,1.19,3254,3602
19-10-2015,1.26,1.26,1.14,1.14,1755,2089
16-10-2015,1.2,1.2,1.14,1.2,2113,2529
15-10-2015,1.2,1.2,1.2,1.2,320,384
14-10-2015,1.25,1.25,1.25,1.25,101,126
13-10-2015,1.27,1.27,1.27,1.27,1000,1270
12-10-2015,1.26,1.27,1.26,1.27,6082,7664
09-10-2015,1.27,1.27,1.27,1.27,316,401
08-10-2015,1.25,1.25,1.25,1.25,10000,12500
07-10-2015,1.27,1.27,1.27,1.27,1100,1397
06-10-2015,1.26,1.26,1.26,1.26,6000,7560
05-10-2015,1.27,1.27,1.26,1.26,177,223
01-10-2015,1.27,1.27,1.26,1.27,10068,12686
30-09-2015,1.27,1.27,1.27,1.27,254,322
29-09-2015,1.27,1.27,1.26,1.27,7352,9277
28-09-2015,1.27,1.27,1.27,1.27,698,886
24-09-2015,1.24,1.3,1.24,1.3,21510,26673
23-09-2015,1.25,1.3,1.25,1.3,1147,1483
22-09-2015,1.24,1.24,1.24,1.24,42017,52101
21-09-2015,1.25,1.25,1.19,1.19,650,774
18-09-2015,1.27,1.27,1.21,1.25,61109,75348
15-09-2015,1.26,1.27,1.26,1.27,34622,43626
14-09-2015,1.26,1.26,1.26,1.26,552,695
11-09-2015,1.25,1.25,1.24,1.24,30400,37700
10-09-2015,1.27,1.27,1.26,1.26,173,218
09-09-2015,1.21,1.28,1.21,1.28,51432,65240
07-09-2015,1.27,1.27,1.27,1.27,40500,51435
03-09-2015,1.29,1.29,1.29,1.29,32000,41280
02-09-2015,1.3,1.3,1.3,1.3,2500,3250
01-09-2015,1.2,1.26,1.2,1.26,31000,39022
28-08-2015,1.2,1.27,1.2,1.2,26474,31768
24-08-2015,1.26,1.26,1.26,1.26,68200,85932
21-08-2015,1.27,1.27,1.27,1.27,1669,2119
20-08-2015,1.33,1.33,1.32,1.33,45010,59463
19-08-2015,1.33,1.33,1.33,1.33,22802,30326
18-08-2015,1.21,1.27,1.21,1.27,47550,59883
17-08-2015,1.27,1.27,1.25,1.27,46124,58574
14-08-2015,1.28,1.28,1.21,1.21,56715,70728
13-08-2015,1.28,1.28,1.27,1.27,1450,1846
12-08-2015,1.27,1.28,1.26,1.28,53402,67587
11-08-2015,1.24,1.29,1.24,1.28,5180,6593
10-08-2015,1.24,1.24,1.21,1.23,40044,48754
07-08-2015,1.14,1.23,1.14,1.19,821,953
06-08-2015,1.22,1.23,1.18,1.19,40232,49075
05-08-2015,1.2,1.3,1.2,1.24,1242,1500
04-08-2015,1.33,1.33,1.22,1.26,32053,41557
03-08-2015,1.29,1.3,1.28,1.28,769,991
31-07-2015,1.36,1.36,1.34,1.34,31200,42412
30-07-2015,1.3,1.3,1.3,1.3,200,260
29-07-2015,1.2,1.25,1.14,1.25,30746,38115
28-07-2015,1.13,1.2,1.1,1.2,730,869
27-07-2015,1.21,1.21,1.15,1.15,1662,1911
24-07-2015,1.12,1.21,1.12,1.21,1010,1132
23-07-2015,1.07,1.17,1.07,1.17,756,818
22-07-2015,1.07,1.12,1.07,1.12,2017,2164
21-07-2015,1.02,1.12,1.02,1.12,2849,2946
20-07-2015,1.17,1.17,1.07,1.07,3915,4345
16-07-2015,1.12,1.12,1.12,1.12,2000,2240
15-07-2015,1.17,1.17,1.17,1.17,5356,6266
14-07-2015,1.17,1.17,1.17,1.17,314,367
13-07-2015,1.23,1.23,1.23,1.23,200,246
10-07-2015,1.29,1.29,1.29,1.29,1,1
07-07-2015,1.29,1.29,1.29,1.29,160,206
06-07-2015,1.29,1.29,1.28,1.29,188,241
03-07-2015,1.25,1.25,1.25,1.25,1,1
02-07-2015,1.23,1.23,1.23,1.23,610,750
01-07-2015,1.27,1.29,1.27,1.29,200,256
30-06-2015,1.32,1.33,1.28,1.33,12600,16555
29-06-2015,1.28,1.34,1.28,1.34,13106,16782
26-06-2015,1.34,1.34,1.34,1.34,250,335
25-06-2015,1.31,1.37,1.31,1.31,1180,1546
24-06-2015,1.27,1.37,1.27,1.37,1500,1910
23-06-2015,1.33,1.33,1.33,1.33,3200,4256
22-06-2015,1.3,1.4,1.3,1.4,400,530
19-06-2015,1.4,1.4,1.29,1.36,42200,56752
18-06-2015,1.26,1.35,1.26,1.35,1689,2162
17-06-2015,1.22,1.32,1.22,1.32,30853,40545
16-06-2015,1.21,1.3,1.21,1.28,1100,1383
15-06-2015,1.28,1.28,1.16,1.26,34653,43564
12-06-2015,1.26,1.29,1.19,1.22,638,809
11-06-2015,1.26,1.26,1.16,1.25,39347,49180
10-06-2015,1.2,1.21,1.12,1.21,484,583
09-06-2015,1.28,1.29,1.17,1.17,31061,38789
08-06-2015,1.23,1.23,1.13,1.23,18176,20715
05-06-2015,1.2,1.21,1.18,1.18,28351,34218
04-06-2015,1.12,1.16,1.11,1.16,3786,4229
03-06-2015,1.11,1.11,1.1,1.11,32650,36238
02-06-2015,1.06,1.06,0.97,1.06,1900,1939
01-06-2015,1,1.04,0.99,1.02,17502,17693
29-05-2015,1.06,1.06,1.04,1.04,1302,1375
28-05-2015,1.09,1.09,1.09,1.09,200,218
27-05-2015,1.14,1.26,1.14,1.14,17100,19506
26-05-2015,1.2,1.2,1.2,1.2,14000,16800
25-05-2015,1.26,1.26,1.26,1.26,1000,1260
22-05-2015,1.32,1.32,1.32,1.32,1,1
20-05-2015,1.26,1.26,1.26,1.26,500,630
11-05-2015,1.32,1.32,1.32,1.32,1,1
08-05-2015,1.27,1.33,1.21,1.33,6801,8779
07-05-2015,1.27,1.27,1.27,1.27,500,635
06-05-2015,1.21,1.33,1.21,1.33,6863,8316
05-05-2015,1.32,1.38,1.26,1.27,5100,6457
04-05-2015,1.32,1.32,1.2,1.32,702,914
30-04-2015,1.38,1.38,1.26,1.26,16751,21118
29-04-2015,1.32,1.32,1.32,1.32,1,1
28-04-2015,1.3,1.39,1.3,1.38,11000,14457
27-04-2015,1.33,1.33,1.32,1.33,7102,9375
24-04-2015,1.27,1.27,1.26,1.27,3650,4625
23-04-2015,1.21,1.21,1.11,1.21,10127,12243
22-04-2015,1.15,1.16,1.11,1.16,3737,4278
21-04-2015,1.06,1.11,1.01,1.11,37000,39395
20-04-2015,1.06,1.06,1.06,1.06,1500,1590
17-04-2015,1.11,1.11,1.11,1.11,2810,3119
16-04-2015,1.07,1.17,1.07,1.16,18431,21143
15-04-2015,1.12,1.12,1.07,1.12,1300,1451
13-04-2015,1.07,1.17,1.07,1.07,12350,13438
10-04-2015,1.13,1.13,1.03,1.12,12801,13779
09-04-2015,1.1,1.1,1,1.08,15028,15828
08-04-2015,1.05,1.05,1,1.05,20092,20956
07-04-2015,1,1,1,1,50000,50000
06-04-2015,1.05,1.05,1.05,1.05,14200,14910
01-04-2015,1.1,1.2,1.1,1.1,7246,8355
31-03-2015,1.27,1.27,1.15,1.15,1100,1289
30-03-2015,1.21,1.21,1.21,1.21,100,121
27-03-2015,1.27,1.39,1.27,1.27,5110,6490
26-03-2015,1.47,1.47,1.33,1.33,4271,6104
24-03-2015,1.29,1.4,1.28,1.4,3305,4267
23-03-2015,1.23,1.34,1.22,1.34,19530,23964
20-03-2015,1.4,1.4,1.28,1.28,922,1267
19-03-2015,1.34,1.34,1.34,1.34,730,978
18-03-2015,1.41,1.41,1.41,1.41,1050,1480
17-03-2015,1.48,1.62,1.48,1.48,2565,3807
16-03-2015,1.55,1.55,1.55,1.55,50,77
13-03-2015,1.63,1.63,1.63,1.63,10235,16683
12-03-2015,1.71,1.71,1.71,1.71,300,513
11-03-2015,1.8,1.8,1.8,1.8,14603,26285
10-03-2015,1.8,1.89,1.8,1.89,1070,1930
03-03-2015,1.89,1.89,1.89,1.89,100,189
02-03-2015,1.87,1.87,1.87,1.87,40,74
28-02-2015,1.8,1.8,1.8,1.8,525,945
27-02-2015,1.73,1.73,1.58,1.72,830,1339
26-02-2015,1.52,1.66,1.52,1.66,96891,147288
23-02-2015,1.59,1.59,1.59,1.59,2500,3975
20-02-2015,1.67,1.67,1.67,1.67,10,16
19-02-2015,1.6,1.6,1.6,1.6,50,80
16-02-2015,1.5,1.54,1.5,1.54,10607,16299
13-02-2015,1.5,1.5,1.48,1.48,3125,4627
12-02-2015,1.49,1.49,1.49,1.49,4,5
11-02-2015,1.46,1.46,1.46,1.46,1000,1460
10-02-2015,1.45,1.55,1.45,1.45,2500,3635
09-02-2015,1.5,1.56,1.5,1.52,3233,4878
06-02-2015,1.54,1.54,1.49,1.49,3100,4674
05-02-2015,1.47,1.47,1.47,1.47,100,147
04-02-2015,1.39,1.42,1.39,1.4,15100,21178
03-02-2015,1.36,1.36,1.36,1.36,2000,2720
02-02-2015,1.23,1.34,1.23,1.32,14000,18141
28-01-2015,1.29,1.29,1.29,1.29,100,129
27-01-2015,1.24,1.24,1.14,1.23,3640,4260
23-01-2015,1.21,1.21,1.13,1.19,23429,26783
22-01-2015,1.17,1.2,1.15,1.18,20500,24101
21-01-2015,1.09,1.19,1.09,1.16,10960,12370
20-01-2015,1.06,1.16,1.06,1.14,100632,113071
19-01-2015,1.21,1.21,1.11,1.11,688,813
16-01-2015,1.14,1.26,1.14,1.16,6002,6897
15-01-2015,1.1,1.2,1.1,1.2,10700,11815
14-01-2015,1.2,1.2,1.15,1.15,1144,1321
13-01-2015,1.13,1.22,1.13,1.21,17888,20624
12-01-2015,1.18,1.29,1.18,1.18,20303,23957
09-01-2015,1.15,1.27,1.15,1.24,6903,8090
08-01-2015,1.22,1.31,1.21,1.21,92466,112084
07-01-2015,1.27,1.27,1.27,1.27,7650,9715
06-01-2015,1.34,1.34,1.33,1.33,28300,37644
05-01-2015,1.38,1.52,1.38,1.39,5050,7255
02-01-2015,1.45,1.59,1.45,1.45,12300,19289
01-01-2015,1.59,1.59,1.52,1.52,700,1099
31-12-2014,1.53,1.64,1.53,1.6,11400,17451
30-12-2014,1.65,1.65,1.61,1.61,656,1059
29-12-2014,1.59,1.59,1.55,1.58,21605,34132
26-12-2014,1.52,1.52,1.52,1.52,16531,25127
24-12-2014,1.6,1.6,1.6,1.6,20000,32000
23-12-2014,1.77,1.77,1.61,1.61,20602,34769
22-12-2014,1.76,1.76,1.69,1.69,2206,3742
19-12-2014,1.82,1.82,1.69,1.69,20250,34237
18-12-2014,1.62,1.74,1.62,1.74,20100,32574
17-12-2014,1.69,1.7,1.69,1.7,20010,33817
16-12-2014,1.69,1.73,1.64,1.71,2572,4281
15-12-2014,1.63,1.65,1.63,1.65,4200,6924
12-12-2014,1.68,1.68,1.61,1.64,1026,1692
11-12-2014,1.76,1.77,1.61,1.61,33878,57826
10-12-2014,1.54,1.69,1.54,1.69,3951,6086
09-12-2014,1.62,1.63,1.49,1.62,54020,84047
08-12-2014,1.58,1.58,1.44,1.56,2281,3400
05-12-2014,1.5,1.51,1.5,1.51,31664,47810
04-12-2014,1.44,1.44,1.44,1.44,6400,9216
03-12-2014,1.64,1.64,1.51,1.51,24096,39040
02-12-2014,1.65,1.74,1.58,1.58,9130,14839
01-12-2014,1.66,1.66,1.66,1.66,21210,35208
28-11-2014,1.67,1.75,1.59,1.59,22900,38051
27-11-2014,1.67,1.8,1.67,1.67,33400,56020
26-11-2014,1.61,1.76,1.61,1.75,46900,81923
25-11-2014,1.69,1.7,1.54,1.69,22010,36927
24-11-2014,1.62,1.62,1.62,1.62,700,1134
21-11-2014,1.54,1.7,1.54,1.7,15400,25982
20-11-2014,1.78,1.78,1.62,1.62,9161,14850
19-11-2014,1.54,1.7,1.54,1.7,24112,38772
18-11-2014,1.72,1.72,1.58,1.62,3795,6075
17-11-2014,1.53,1.68,1.53,1.66,2350,3805
14-11-2014,1.61,1.61,1.61,1.61,1500,2415
13-11-2014,1.53,1.69,1.53,1.69,5336,8173
12-11-2014,1.62,1.62,1.61,1.61,2720,4384
11-11-2014,1.54,1.69,1.54,1.69,70910,109351
10-11-2014,1.62,1.62,1.62,1.62,2110,3418
07-11-2014,1.7,1.7,1.7,1.7,3101,5271
05-11-2014,1.78,1.78,1.78,1.78,4230,7529
03-11-2014,1.87,1.87,1.87,1.87,100,187
30-10-2014,1.96,1.96,1.96,1.96,1000,1960
29-10-2014,2.06,2.06,2.06,2.06,10600,21836
28-10-2014,2.16,2.16,2.16,2.16,5010,10821
23-10-2014,2.08,2.08,2.06,2.06,170,352
22-10-2014,1.99,1.99,1.99,1.99,1800,3582
21-10-2014,2.09,2.09,2.09,2.09,560,1170
17-10-2014,2.2,2.2,2.2,2.2,10,22
16-10-2014,2.14,2.14,1.96,2.12,5030,9863
14-10-2014,2.06,2.06,2.06,2.06,50,103
13-10-2014,1.89,1.98,1.8,1.97,6251,12070
10-10-2014,1.89,1.89,1.72,1.89,25051,46906
09-10-2014,1.74,1.81,1.74,1.81,28,49
07-10-2014,1.74,1.74,1.74,1.74,500,870
01-10-2014,1.66,1.66,1.66,1.66,1055,1751
30-09-2014,1.6,1.74,1.59,1.74,10510,18210
29-09-2014,1.67,1.67,1.67,1.67,8100,13527
26-09-2014,1.72,1.81,1.72,1.75,2143,3780
25-09-2014,1.81,1.81,1.81,1.81,383,693
23-09-2014,1.9,1.9,1.9,1.9,3500,6650
19-09-2014,1.85,2,1.85,2,6700,12819
18-09-2014,1.79,1.97,1.79,1.94,4167,7820
17-09-2014,1.72,1.9,1.72,1.88,5714,9988
16-09-2014,1.81,1.81,1.81,1.81,27515,49802
15-09-2014,1.9,1.9,1.9,1.9,6665,12663
12-09-2014,1.99,1.99,1.99,1.99,2098,4175
11-09-2014,2.09,2.09,2.09,2.09,210,438
09-09-2014,1.99,2.19,1.99,2.19,800,1632
04-09-2014,2.09,2.29,2.09,2.09,21026,43949
02-09-2014,2.04,2.19,2.04,2.19,20500,41895
28-08-2014,2.18,2.18,2.14,2.14,1001,2142
27-08-2014,2.12,2.12,2.09,2.09,201,420
26-08-2014,2.02,2.02,2.02,2.02,500,1010
25-08-2014,2.03,2.12,2.03,2.12,500,1024
22-08-2014,2.2,2.2,2.03,2.03,63102,130471
21-08-2014,1.95,2.13,1.95,2.13,160,313
20-08-2014,2.24,2.25,2.05,2.05,48201,99029
19-08-2014,1.97,2.15,1.97,2.15,210,415
18-08-2014,1.98,2.07,1.98,2.07,42120,86779
14-08-2014,1.98,1.98,1.98,1.98,8300,16434
13-08-2014,2,2.06,2,2.06,43760,89930
12-08-2014,2,2.09,2,2.05,2300,4684
11-08-2014,2.17,2.17,2,2.1,30001,61752
08-08-2014,2.07,2.07,2.07,2.07,11,22
07-08-2014,2.05,2.05,1.9,2.02,41155,83695
06-08-2014,1.99,2,1.88,2,19801,38780
05-08-2014,1.8,1.91,1.8,1.91,99647,189102
04-08-2014,1.7,1.84,1.7,1.82,616,1052
01-08-2014,1.76,1.76,1.6,1.76,59620,104626
31-07-2014,1.68,1.68,1.52,1.68,14210,23344
30-07-2014,1.48,1.6,1.48,1.6,140369,209986
28-07-2014,1.55,1.55,1.55,1.55,876,1357
25-07-2014,1.63,1.75,1.63,1.63,40600,70978
24-07-2014,1.56,1.71,1.56,1.71,5900,9219
23-07-2014,1.78,1.78,1.64,1.64,62500,108234
22-07-2014,1.72,1.72,1.72,1.72,100,172
21-07-2014,1.68,1.84,1.68,1.81,23440,42741
18-07-2014,1.6,1.76,1.6,1.76,19050,32880
17-07-2014,1.68,1.68,1.68,1.68,1100,1848
16-07-2014,1.76,1.76,1.76,1.76,7300,12848
15-07-2014,1.85,1.85,1.85,1.85,33000,61050
14-07-2014,1.94,1.94,1.94,1.94,1000,1940
11-07-2014,1.86,2.04,1.86,2.04,16555,30808
10-07-2014,1.95,1.95,1.95,1.95,200,390
09-07-2014,2.05,2.05,2.05,2.05,505,1035
08-07-2014,2.15,2.37,2.15,2.15,1850,4021
07-07-2014,2.26,2.26,2.26,2.26,500,1130
03-07-2014,2.38,2.38,2.37,2.37,20100,47837
02-07-2014,2.34,2.34,2.34,2.34,500,1170
01-07-2014,2.11,2.28,2.11,2.28,1000,2263
30-06-2014,2.24,2.24,2.22,2.22,21000,46640
27-06-2014,2.12,2.3,2.12,2.29,1275,2887
26-06-2014,2.05,2.23,2.05,2.23,19900,43770
25-06-2014,2.07,2.14,2.07,2.14,16210,34604
24-06-2014,2.17,2.17,2.17,2.17,700,1519
23-06-2014,2.16,2.16,1.96,2.12,16728,34509
20-06-2014,2.06,2.06,2.06,2.06,1165,2399
19-06-2014,2.09,2.16,2.09,2.16,8000,17140
18-06-2014,2.05,2.19,2.05,2.19,190,410
17-06-2014,2.03,2.17,2.03,2.15,10722,22968
13-06-2014,2.08,2.13,2.08,2.13,17400,36812
12-06-2014,2.04,2.2,2.04,2.06,6568,13929
11-06-2014,2.09,2.3,2.09,2.14,22430,49074
10-06-2014,2.18,2.24,2.11,2.2,24200,53079
09-06-2014,2,2.18,2,2.14,69383,149884
06-06-2014,2.06,2.16,2.06,2.08,1835,3828
05-06-2014,2.11,2.11,1.97,2.06,14111,28311
04-06-2014,2,2.12,1.99,2.07,56999,118958
03-06-2014,1.92,2.02,1.92,2.02,2020,3880
02-06-2014,2.03,2.1,1.92,2.03,8701,18052
30-05-2014,2.04,2.04,2.03,2.03,2500,5085
29-05-2014,1.96,2.04,1.86,2.04,34187,68295
28-05-2014,1.8,1.95,1.79,1.95,73600,139726
27-05-2014,1.98,2.06,1.88,1.88,67950,132142
26-05-2014,1.89,1.98,1.8,1.97,34150,66242
23-05-2014,1.89,1.99,1.89,1.89,51025,98737
22-05-2014,2.15,2.15,1.98,1.98,7200,14307
21-05-2014,2.27,2.27,2.08,2.08,485,1010
19-05-2014,2.18,2.18,1.98,2.18,1156,2472
16-05-2014,2.12,2.12,2.08,2.08,5350,11238
15-05-2014,2.18,2.18,2.18,2.18,10,21
14-05-2014,2.05,2.1,2.05,2.1,1720,3602
13-05-2014,2.03,2.15,2.03,2.14,16947,35542
12-05-2014,2.1,2.13,2.1,2.13,6000,12745
09-05-2014,2.11,2.19,1.99,2.1,8840,18509
08-05-2014,2.13,2.13,1.94,2.09,27312,53392
07-05-2014,2.03,2.04,1.87,2.04,37202,71613
06-05-2014,1.97,1.97,1.88,1.96,42401,79788
05-05-2014,1.98,1.99,1.97,1.97,24250,48233
02-05-2014,2.1,2.1,1.9,1.9,1003,1906
30-04-2014,2.03,2.03,1.93,2,3499,7054
29-04-2014,1.93,1.94,1.93,1.94,500,968
28-04-2014,1.84,1.85,1.81,1.85,4526,8253
25-04-2014,1.77,1.77,1.75,1.77,955,1687
23-04-2014,1.61,1.69,1.61,1.69,75418,127435
22-04-2014,1.62,1.62,1.5,1.61,45102,70194
21-04-2014,1.58,1.58,1.44,1.55,32364,49466
17-04-2014,1.5,1.51,1.5,1.51,4300,6477
16-04-2014,1.44,1.44,1.39,1.44,49214,70853
15-04-2014,1.39,1.39,1.39,1.39,4000,5560
11-04-2014,1.35,1.35,1.29,1.33,72402,96238
10-04-2014,1.23,1.29,1.19,1.29,6803,8304
09-04-2014,1.35,1.35,1.23,1.23,60409,79303
07-04-2014,1.35,1.35,1.29,1.29,3505,4672
04-04-2014,1.35,1.36,1.35,1.35,150219,202795
03-04-2014,1.44,1.44,1.32,1.36,5503,7484
02-04-2014,1.28,1.38,1.28,1.38,62223,84738
01-04-2014,1.35,1.38,1.31,1.34,3000,4053
31-03-2014,1.4,1.4,1.32,1.37,48550,66446
28-03-2014,1.3,1.39,1.29,1.38,75818,97985
27-03-2014,1.32,1.43,1.32,1.35,44526,60997
26-03-2014,1.39,1.4,1.28,1.38,73191,95637
25-03-2014,1.34,1.47,1.34,1.34,27420,37514
24-03-2014,1.32,1.42,1.32,1.41,41766,56132
22-03-2014,1.41,1.46,1.34,1.38,23925,33496
21-03-2014,1.4,1.41,1.4,1.4,20500,28750
20-03-2014,1.47,1.56,1.47,1.47,57600,86272
19-03-2014,1.47,1.61,1.47,1.54,21256,32690
18-03-2014,1.57,1.58,1.52,1.54,950,1464
14-03-2014,1.57,1.68,1.57,1.59,6810,10728
13-03-2014,1.73,1.73,1.6,1.65,4201,6932
12-03-2014,1.61,1.71,1.61,1.68,17820,28812
11-03-2014,1.6,1.73,1.59,1.69,10641,17525
10-03-2014,1.6,1.75,1.59,1.67,10917,17678
07-03-2014,1.6,1.7,1.6,1.67,5161,8379
06-03-2014,1.68,1.8,1.68,1.68,55910,99325
05-03-2014,1.64,1.8,1.64,1.76,29451,51251
04-03-2014,1.81,1.82,1.72,1.72,8767,15768
03-03-2014,1.93,1.93,1.76,1.81,1580,2862
28-02-2014,1.85,1.95,1.85,1.85,3611,6681
26-02-2014,1.96,2.05,1.94,1.94,17255,33540
25-02-2014,1.96,2.14,1.96,2.04,5462,10889
24-02-2014,2.08,2.08,1.91,2.06,8150,16496
21-02-2014,2.08,2.08,2,2,1001,2002
20-02-2014,2.1,2.1,2,2.08,222,456
19-02-2014,1.94,2.1,1.94,2,2002,3884
17-02-2014,2.04,2.04,2.04,2.04,500,1020
14-02-2014,1.97,1.99,1.97,1.99,225,443
13-02-2014,2,2,2,2,3600,7200
12-02-2014,1.91,2,1.91,2,10715,20530
11-02-2014,2.16,2.16,1.97,2,430,865
10-02-2014,2.07,2.07,2.07,2.07,200,414
07-02-2014,2.17,2.17,2.17,2.17,1,2
06-02-2014,2.15,2.15,2.15,2.15,5,10
05-02-2014,2.19,2.19,1.99,2.09,2712,5424
04-02-2014,2.1,2.1,2,2.09,2591,5280
03-02-2014,2.13,2.13,1.95,2.06,11461,23015
31-01-2014,2.14,2.14,1.96,2.03,1710,3407
30-01-2014,2.06,2.06,2.06,2.06,10,20
29-01-2014,2.02,2.08,1.92,1.97,1819,3573
28-01-2014,2.02,2.02,2.02,2.02,50,101
27-01-2014,1.91,2.04,1.88,2,7160,13945
24-01-2014,1.98,1.99,1.84,1.97,22501,43974
23-01-2014,1.77,1.94,1.77,1.93,1435,2693
22-01-2014,1.82,1.86,1.82,1.86,25642,47404
21-01-2014,1.66,1.8,1.66,1.78,21600,37037
20-01-2014,1.74,1.74,1.74,1.74,1100,1914
17-01-2014,1.97,1.97,1.83,1.83,11515,21470
16-01-2014,1.81,1.94,1.8,1.92,5400,10007
15-01-2014,1.85,1.96,1.83,1.88,5331,10027
14-01-2014,1.84,1.97,1.84,1.9,8332,15723
13-01-2014,1.92,1.93,1.9,1.93,7070,13466
10-01-2014,1.84,1.84,1.84,1.84,10744,19768
09-01-2014,1.78,1.78,1.67,1.76,18155,30957
08-01-2014,1.72,1.72,1.7,1.7,14944,25557
07-01-2014,1.62,1.68,1.55,1.64,10365,16919
06-01-2014,1.6,1.65,1.52,1.62,8471,13424
03-01-2014,1.58,1.58,1.58,1.58,6300,9954
02-01-2014,1.51,1.51,1.51,1.51,1500,2265
01-01-2014,1.44,1.44,1.44,1.44,4750,6840
31-12-2013,1.39,1.39,1.37,1.38,3401,4695
30-12-2013,1.29,1.34,1.29,1.33,16310,21188
27-12-2013,1.29,1.29,1.29,1.29,12400,15996
26-12-2013,1.4,1.4,1.35,1.35,4300,5830
24-12-2013,1.34,1.4,1.34,1.38,1922,2650
23-12-2013,1.35,1.35,1.35,1.35,401,541
20-12-2013,1.34,1.34,1.32,1.33,1500,1999
19-12-2013,1.32,1.34,1.26,1.31,6500,8512
18-12-2013,1.25,1.35,1.25,1.31,47362,59690
17-12-2013,1.31,1.31,1.31,1.31,201,263
16-12-2013,1.33,1.33,1.22,1.28,3606,4590
13-12-2013,1.2,1.3,1.2,1.27,10661,13118
12-12-2013,1.35,1.35,1.23,1.26,68101,85974
11-12-2013,1.3,1.35,1.29,1.29,11710,15388
10-12-2013,1.3,1.35,1.3,1.35,3099,4063
09-12-2013,1.35,1.35,1.26,1.33,9378,12477
06-12-2013,1.3,1.35,1.26,1.29,13500,17287
05-12-2013,1.39,1.4,1.3,1.3,11510,14995
04-12-2013,1.38,1.38,1.26,1.35,6197,7900
03-12-2013,1.33,1.33,1.26,1.32,28141,36280
02-12-2013,1.29,1.29,1.24,1.28,6710,8545
29-11-2013,1.34,1.34,1.22,1.29,3969,5159
28-11-2013,1.32,1.37,1.28,1.28,6431,8381
27-11-2013,1.41,1.41,1.31,1.33,2935,3925
26-11-2013,1.41,1.44,1.35,1.37,2659,3636
25-11-2013,1.44,1.44,1.4,1.41,13063,18513
22-11-2013,1.41,1.41,1.32,1.39,2546,3488
21-11-2013,1.38,1.38,1.36,1.36,6539,9000
20-11-2013,1.35,1.46,1.34,1.43,11463,16153
19-11-2013,1.44,1.44,1.33,1.4,6501,8890
18-11-2013,1.35,1.4,1.29,1.38,19461,26629
14-11-2013,1.45,1.45,1.34,1.35,11796,16002
13-11-2013,1.33,1.41,1.33,1.4,24719,34494
12-11-2013,1.45,1.45,1.34,1.37,18363,25511
11-11-2013,1.38,1.39,1.34,1.39,13678,18989
08-11-2013,1.33,1.33,1.3,1.33,28548,37880
07-11-2013,1.27,1.27,1.27,1.27,6750,8572
06-11-2013,1.21,1.21,1.21,1.21,8975,10859
05-11-2013,1.16,1.16,1.16,1.16,34431,39939
03-11-2013,1.11,1.11,1.11,1.11,1300,1443
01-11-2013,1.06,1.06,1.04,1.06,13605,14401
31-10-2013,1,1.01,0.93,1.01,100548,98437
30-10-2013,1.06,1.07,0.97,0.97,222095,219114
29-10-2013,1.09,1.09,0.99,1.02,80426,81809
28-10-2013,1.08,1.09,1,1.04,56209,57494
25-10-2013,1.05,1.15,1.05,1.05,40235,42382
24-10-2013,1.2,1.2,1.1,1.1,29015,32644
23-10-2013,1.15,1.26,1.15,1.15,40819,47394
22-10-2013,1.21,1.3,1.19,1.2,48181,58613
21-10-2013,1.24,1.33,1.22,1.25,16411,20299
18-10-2013,1.3,1.4,1.28,1.28,13299,17062
17-10-2013,1.48,1.48,1.34,1.34,5544,7441
15-10-2013,1.43,1.53,1.41,1.41,3810,5384
14-10-2013,1.43,1.55,1.42,1.48,8841,12653
11-10-2013,1.55,1.56,1.42,1.49,20480,30114
10-10-2013,1.5,1.5,1.42,1.49,3436,5064
09-10-2013,1.62,1.62,1.49,1.49,19773,29776
08-10-2013,1.69,1.69,1.53,1.56,12647,19785
07-10-2013,1.66,1.66,1.52,1.61,8862,14089
04-10-2013,1.72,1.72,1.56,1.59,12858,20974
03-10-2013,1.75,1.75,1.62,1.64,1178,1926
01-10-2013,1.79,1.79,1.63,1.67,10855,17741
30-09-2013,1.78,1.78,1.64,1.71,535,880
26-09-2013,1.77,1.77,1.61,1.72,503,810
25-09-2013,1.85,1.85,1.69,1.69,6531,11139
24-09-2013,1.88,1.88,1.73,1.77,104864,181530
23-09-2013,1.88,1.88,1.82,1.82,3507,6432
20-09-2013,1.86,1.86,1.7,1.83,67453,114683
19-09-2013,1.82,1.82,1.7,1.78,1070,1887
18-09-2013,1.75,1.75,1.74,1.74,10102,17577
17-09-2013,1.69,1.69,1.69,1.69,220,371
16-09-2013,1.57,1.71,1.57,1.68,11520,18860
13-09-2013,1.72,1.72,1.65,1.65,6618,11027
12-09-2013,1.8,1.82,1.68,1.73,4106,7101
11-09-2013,1.84,1.84,1.74,1.74,9502,17213
10-09-2013,1.82,1.82,1.7,1.77,21647,37529
06-09-2013,1.86,1.86,1.7,1.75,5391,9479
05-09-2013,1.8,1.8,1.74,1.78,3200,5670
04-09-2013,1.77,1.77,1.77,1.77,10,17
03-09-2013,1.74,1.74,1.74,1.74,2750,4785
02-09-2013,1.75,1.75,1.75,1.75,350,612
30-08-2013,1.73,1.75,1.73,1.75,413,714
29-08-2013,1.75,1.8,1.75,1.76,3986,7048
28-08-2013,1.74,1.78,1.73,1.78,13683,23979
27-08-2013,1.77,1.77,1.72,1.76,1464,2526
26-08-2013,1.76,1.76,1.75,1.75,300,526
23-08-2013,1.76,1.76,1.73,1.75,6905,12027
22-08-2013,1.78,1.78,1.74,1.76,47806,84352
21-08-2013,1.78,1.78,1.77,1.77,290,513
20-08-2013,1.76,1.76,1.76,1.76,600,1056
19-08-2013,1.74,1.74,1.69,1.74,4205,7179
16-08-2013,1.71,1.74,1.71,1.72,16330,28241
14-08-2013,1.67,1.72,1.67,1.71,38840,65403
13-08-2013,1.71,1.71,1.66,1.7,25440,43120
12-08-2013,1.7,1.7,1.68,1.69,68605,115838
08-08-2013,1.68,1.68,1.62,1.67,52982,87471
07-08-2013,1.67,1.67,1.61,1.65,5945,9689
06-08-2013,1.67,1.67,1.64,1.64,61225,101495
05-08-2013,1.67,1.67,1.67,1.67,2112,3527
02-08-2013,1.7,1.7,1.66,1.68,16006,26715
01-08-2013,1.74,1.74,1.69,1.69,11305,19155
31-07-2013,1.74,1.74,1.72,1.72,40221,69185
30-07-2013,1.76,1.8,1.75,1.75,81548,143165
29-07-2013,1.8,1.8,1.76,1.78,42699,75960
26-07-2013,1.81,1.81,1.77,1.79,61503,109705
25-07-2013,1.84,1.84,1.8,1.8,38133,68649
24-07-2013,1.85,1.85,1.79,1.83,91705,167484
23-07-2013,1.82,1.82,1.76,1.82,94907,169251
22-07-2013,1.79,1.79,1.76,1.79,34846,62051
19-07-2013,1.75,1.76,1.73,1.76,58936,103657
18-07-2013,1.68,1.74,1.68,1.73,46078,79887
17-07-2013,1.75,1.75,1.69,1.71,58821,101378
16-07-2013,1.74,1.74,1.68,1.72,13390,23117
15-07-2013,1.71,1.71,1.71,1.71,3123,5340
12-07-2013,1.68,1.68,1.68,1.68,11244,18889
11-07-2013,1.65,1.65,1.65,1.65,24100,39765
10-07-2013,1.64,1.65,1.59,1.62,207097,330455
09-07-2013,1.68,1.68,1.62,1.62,110937,180643
08-07-2013,1.65,1.68,1.64,1.65,65812,109026
05-07-2013,1.7,1.7,1.67,1.67,168217,282174
04-07-2013,1.68,1.74,1.68,1.7,127534,217980
03-07-2013,1.76,1.76,1.7,1.71,277112,475075
02-07-2013,1.68,1.74,1.68,1.73,331971,564962
01-07-2013,1.71,1.71,1.71,1.71,951,1626
28-06-2013,1.74,1.74,1.74,1.74,1704,2964
27-06-2013,1.77,1.77,1.77,1.77,1200,2124
26-06-2013,1.8,1.8,1.8,1.8,814,1465
25-06-2013,1.83,1.83,1.83,1.83,1383,2530
24-06-2013,1.86,1.86,1.86,1.86,662,1231
21-06-2013,1.89,1.89,1.89,1.89,3918,7405
20-06-2013,1.92,1.92,1.92,1.92,870,1670
19-06-2013,1.95,1.95,1.95,1.95,612,1193
18-06-2013,1.98,1.98,1.98,1.98,847,1677
17-06-2013,2.02,2.02,2.02,2.02,971,1961
14-06-2013,2.06,2.06,2.06,2.06,562,1157
13-06-2013,2.1,2.1,2.1,2.1,248,520
12-06-2013,2.14,2.14,2.14,2.14,475,1016
11-06-2013,2.18,2.18,2.18,2.18,157,342
10-06-2013,2.22,2.22,2.22,2.22,10,22
07-06-2013,2.26,2.26,2.26,2.26,1056,2386
06-06-2013,2.3,2.3,2.3,2.3,105,241
05-06-2013,2.34,2.34,2.34,2.34,5,11
04-06-2013,2.38,2.38,2.38,2.38,13000,30940
03-06-2013,2.42,2.42,2.42,2.42,106310,257270
31-05-2013,2.46,2.46,2.46,2.46,1550,3813
30-05-2013,2.55,2.55,2.5,2.5,4300,10800
29-05-2013,2.55,2.55,2.55,2.55,250,637
28-05-2013,2.6,2.6,2.6,2.6,650,1690
27-05-2013,2.65,2.65,2.65,2.65,26,68
24-05-2013,2.7,2.7,2.7,2.7,20,54
23-05-2013,2.75,2.75,2.75,2.75,210,577
22-05-2013,2.8,2.8,2.8,2.8,10010,28028
21-05-2013,2.85,2.85,2.85,2.85,100,285
20-05-2013,2.9,2.9,2.9,2.9,22400,64960
17-05-2013,2.95,2.95,2.95,2.95,2250,6637
16-05-2013,3.01,3.01,3.01,3.01,30900,93009
15-05-2013,3.07,3.07,3.07,3.07,900,2763
14-05-2013,3.13,3.13,3.13,3.13,2595,8122
13-05-2013,3.19,3.19,3.19,3.19,19260,61439
11-05-2013,3.25,3.25,3.25,3.25,50,162
10-05-2013,3.31,3.31,3.31,3.31,10089,33394
09-05-2013,3.37,3.37,3.37,3.37,1175,3959
08-05-2013,3.43,3.43,3.43,3.43,5040,17287
07-05-2013,3.49,3.49,3.49,3.49,205,715
06-05-2013,3.56,3.56,3.56,3.56,80819,287715
03-05-2013,3.66,3.66,3.53,3.63,14141,51353
02-05-2013,3.71,3.71,3.53,3.59,20063,71612
30-04-2013,3.71,3.71,3.71,3.71,8775,32555
29-04-2013,3.9,3.9,3.9,3.9,154304,601785
26-04-2013,4.1,4.1,4.1,4.1,2600,10660
25-04-2013,4.31,4.31,4.31,4.31,1045,4503
23-04-2013,4.53,4.53,4.53,4.53,2965,13431
22-04-2013,5.1,5.1,4.76,4.76,1180,5630
18-04-2013,5.5,5.5,5.01,5.01,3796,19018
17-04-2013,5.57,5.57,5.17,5.27,7981,41619
16-04-2013,5.22,5.54,5.22,5.44,140523,761986
15-04-2013,5.24,5.57,5.24,5.49,168738,891797
12-04-2013,5.51,5.51,5.51,5.51,32650,179901
11-04-2013,5.79,6.38,5.79,5.79,61986,361027
10-04-2013,6.7,6.7,6.09,6.09,27819,169593
09-04-2013,6.8,6.84,6.4,6.4,137361,887636
08-04-2013,6.3,6.9,6.3,6.73,195585,1285355
05-04-2013,6.68,6.68,6.12,6.63,191616,1263455
04-04-2013,6.45,6.8,6.39,6.44,75540,485443
03-04-2013,7.28,7.28,6.72,6.72,32746,220106
02-04-2013,7.4,7.4,6.87,7.07,143077,1007542
01-04-2013,7.23,7.35,7.23,7.23,84010,607448
28-03-2013,8,8.3,7.6,7.6,36023,274569
26-03-2013,8.98,9.08,8.37,8.44,218117,1889866
25-03-2013,10,10.29,9.04,9.29,650694,6269553
22-03-2013,10.8,10.8,9.9,10.04,424790,4243095
21-03-2013,10.29,10.29,9.77,9.98,309091,3079827
20-03-2013,10.41,10.41,9.16,9.95,249598,2516150
19-03-2013,9.99,9.99,9.5,9.87,305497,3012645
18-03-2013,9.91,9.91,8.9,9.8,562139,5362490
15-03-2013,9.35,9.59,8.71,9.46,596606,5475042
14-03-2013,8.71,9.15,8.31,9.01,413722,3645242
13-03-2013,8.2,8.59,8.05,8.53,252743,2105141
12-03-2013,8.75,8.77,7.99,8.38,452612,3765340
11-03-2013,8.01,8.58,8.01,8.53,297610,2489167
08-03-2013,8.35,8.36,7.95,8.26,494611,4036697
07-03-2013,7.96,8.5,7.96,8.14,323556,2620289
06-03-2013,7.9,8.35,7.84,8.16,683263,5526100
05-03-2013,8,8.35,7.8,8.25,566959,4568885
04-03-2013,8.03,8.3,7.76,8.2,407409,3255305
01-03-2013,8.11,8.4,7.86,8.16,316102,2609149
28-02-2013,8.08,8.29,8,8.27,515205,4252400
27-02-2013,8.05,8.12,7.73,8.07,406825,3251528
26-02-2013,7.6,7.8,7.41,7.77,398655,3067792
25-02-2013,7.43,7.54,7.11,7.53,276347,2041937
22-02-2013,7.29,7.5,6.93,7.41,812196,5876846
21-02-2013,7.1,7.36,7.01,7.29,638120,4618000
20-02-2013,7.15,7.29,7.01,7.26,535106,3832031
19-02-2013,7.34,7.34,6.95,7.13,471542,3339172
18-02-2013,7.1,7.18,6.8,7.09,348202,2445998
15-02-2013,7.02,7.2,6.7,6.96,476588,3262103
14-02-2013,7.28,7.28,6.77,7.02,704118,4904454
13-02-2013,7.16,7.42,6.94,7.12,807408,5745380
12-02-2013,7.16,7.5,7.1,7.3,782541,5683913
11-02-2013,7.1,7.32,6.99,7.28,191840,1390814
08-02-2013,7.05,7.38,7.04,7.23,139904,1009912
07-02-2013,6.95,7.24,6.9,7.23,295260,2094813
06-02-2013,7,7,6.82,6.96,224690,1553336
05-02-2013,6.99,7,6.63,6.92,126485,857810
04-02-2013,7.45,7.45,6.97,6.97,139044,976208
01-02-2013,7.22,7.46,7.09,7.33,144247,1044972
31-01-2013,7.57,7.57,7.19,7.46,74809,552888
30-01-2013,7.49,7.49,7.12,7.37,402828,2963250
29-01-2013,7.3,7.32,7,7.3,442081,3207538
28-01-2013,7.3,7.34,6.98,7.19,557766,3983967
25-01-2013,7.29,7.39,6.85,7.05,765052,5414808
24-01-2013,7.17,7.39,7.12,7.2,849341,6083530
23-01-2013,7.9,7.92,7.39,7.49,230050,1777576
22-01-2013,8.1,8.1,7.5,7.68,328169,2556451
21-01-2013,7.79,7.81,7.4,7.74,232935,1767816
18-01-2013,7.45,7.56,7.15,7.49,368591,2732659
17-01-2013,7.87,8.09,7.21,7.22,203979,1546193
16-01-2013,8.15,8.39,7.7,8.01,205697,1647796
15-01-2013,8.12,8.18,7.95,8.17,389216,3170336
14-01-2013,8.85,9.17,8.02,8.23,488947,4070648
11-01-2013,9.25,9.29,8.32,8.91,545288,4878394
10-01-2013,9.26,9.55,8.82,9.23,259355,2404701
09-01-2013,9.7,9.78,9.06,9.26,322975,2991537
08-01-2013,9.1,9.2,8.18,9.13,263693,2359055
07-01-2013,8.5,9.22,8.48,9.08,249248,2249889
04-01-2013,9,9,8.5,8.91,286034,2519123
03-01-2013,8.93,8.93,8.5,8.78,301762,2614974
02-01-2013,8.7,8.7,8.45,8.56,374286,3201097
01-01-2013,8.16,8.6,8.05,8.55,474841,3947349
31-12-2012,8.29,8.58,7.98,8.44,250463,2109740
28-12-2012,8.65,8.65,7.95,8.35,444481,3583835
27-12-2012,8.3,8.6,8,8.36,256325,2132230
26-12-2012,8.5,8.73,7.91,8.23,614768,4971522
24-12-2012,9.18,9.18,8.32,8.32,312479,2602340
21-12-2012,9.15,9.28,8.67,8.75,280730,2496387
20-12-2012,9,9.3,8.7,9.12,353629,3214521
19-12-2012,9,9.24,8.55,8.93,281192,2486990
18-12-2012,9.51,9.51,8.62,8.83,358202,3152953
17-12-2012,9.24,9.33,8.75,9.07,335576,3048825
14-12-2012,9.48,9.48,8.96,9.05,627588,5668240
13-12-2012,9.72,9.72,9.01,9.43,184771,1747283
12-12-2012,9.24,9.43,9.1,9.37,213398,2000679
11-12-2012,9.57,9.57,8.94,9.14,330823,3000764
10-12-2012,9.29,9.45,9.05,9.41,170088,1587280
07-12-2012,9.16,9.44,9.11,9.29,403456,3739247
06-12-2012,9.85,9.85,9.07,9.58,238155,2271564
05-12-2012,9.19,9.42,9.01,9.4,483228,4503571
04-12-2012,8.99,9.25,8.65,9.19,297516,2701055
03-12-2012,8.9,8.9,8.45,8.86,227243,1996313
30-11-2012,9,9,8.46,8.74,286921,2485443
29-11-2012,8.8,9,8.55,8.65,713643,6161825
27-11-2012,8.7,8.9,8.5,8.76,162040,1415323
26-11-2012,8.75,8.75,8.51,8.66,184384,1592902
23-11-2012,8.8,8.8,8.42,8.59,231789,2002918
22-11-2012,8.7,8.7,8.28,8.61,163938,1391250
21-11-2012,8.62,8.9,8.12,8.69,195653,1652881
20-11-2012,8.49,8.6,8.24,8.54,89770,766324
19-11-2012,8.39,8.53,8.07,8.49,175365,1469228
16-11-2012,8.1,8.44,8.07,8.42,153292,1275611
15-11-2012,8.6,8.6,8.25,8.49,167556,1423844
13-11-2012,8.5,8.76,8.2,8.68,61906,533846
12-11-2012,8.47,8.47,8.06,8.39,167336,1383532
09-11-2012,8.5,8.6,8.11,8.44,207493,1707593
08-11-2012,8.48,8.6,8.2,8.53,150394,1278264
07-11-2012,8.45,8.46,8.19,8.44,161638,1357700
06-11-2012,8.5,8.5,8.15,8.47,185021,1560008
05-11-2012,8.5,8.5,8.04,8.45,77604,649386
02-11-2012,8.5,8.5,8.01,8.45,208498,1729295
01-11-2012,8.63,8.63,8.17,8.43,84094,711865
31-10-2012,8.42,8.58,8.02,8.53,144982,1213715
30-10-2012,8.45,8.5,8.02,8.42,97695,814696
29-10-2012,8.04,8.49,8.04,8.44,178723,1496991
26-10-2012,8.15,8.78,8.15,8.46,147328,1245895
25-10-2012,8.56,8.6,8.14,8.45,56311,468216
23-10-2012,8.15,8.6,8.15,8.56,87774,731686
22-10-2012,8.64,8.64,8.31,8.57,91685,785043
19-10-2012,8.12,8.79,8.04,8.52,168510,1429016
18-10-2012,8.2,8.58,8.11,8.44,104494,871503
17-10-2012,8.5,8.5,8.2,8.47,86899,736523
16-10-2012,8.64,8.64,8.07,8.53,46107,386645
15-10-2012,8.45,8.5,8,8.47,133426,1126646
12-10-2012,8.4,8.45,8,8.4,129863,1083841
11-10-2012,8.4,8.44,8.03,8.39,73218,614021
10-10-2012,8.11,8.39,8.11,8.36,49555,410887
09-10-2012,8.4,8.48,8.11,8.45,111465,937266
08-10-2012,8.55,8.55,8.04,8.32,262158,2177080
05-10-2012,8.4,8.6,8.05,8.46,263021,2194900
04-10-2012,8.25,8.48,8.07,8.47,350426,2929138
03-10-2012,8.59,8.59,8.2,8.48,110705,922157
01-10-2012,8.3,8.58,8.16,8.55,89120,755929
28-09-2012,8.53,8.54,8.25,8.51,43010,365195
27-09-2012,8.3,8.59,7.9,8.55,121651,1011401
26-09-2012,8.47,8.47,7.75,8.23,77760,628434
25-09-2012,8.34,8.34,8,8.15,52131,426559
24-09-2012,8.39,8.39,7.8,8.21,88559,724458
21-09-2012,8.39,8.39,7.87,8.17,228061,1858206
20-09-2012,8,8.6,7.9,8.27,92612,758356
18-09-2012,7.96,8.45,7.91,8.31,120006,995647
17-09-2012,8.35,8.35,7.95,8.32,152987,1270894
14-09-2012,8.45,8.45,8,8.36,95472,787662
13-09-2012,8,8.35,7.83,8.26,152295,1247480
12-09-2012,7.95,8.3,7.6,8.24,79291,627508
11-09-2012,7.8,8.04,7.4,7.99,59473,471862
10-09-2012,7.65,7.79,7.2,7.77,121194,928336
08-09-2012,7.4,7.53,6.87,7.49,31136,230874
07-09-2012,7.1,7.25,6.64,7.22,150172,1076995
06-09-2012,6.7,7,6.4,6.98,134754,917044
05-09-2012,6.6,6.79,6.16,6.73,248007,1577796
04-09-2012,6.15,6.5,5.94,6.48,169389,1086229
03-09-2012,6.29,6.45,5.88,6.25,120832,751673
31-08-2012,6.43,6.45,5.89,6.18,134087,829792
30-08-2012,6.15,6.3,5.74,6.19,100835,599326
29-08-2012,6.09,6.09,5.52,6.04,127629,759516
28-08-2012,5.55,6.08,5.55,5.8,412609,2331777
27-08-2012,5.84,5.84,5.84,5.84,29360,171462
24-08-2012,6.14,6.14,6.14,6.14,500,3070
23-08-2012,6.59,6.6,6.31,6.46,49834,321736
22-08-2012,6.61,6.84,6.55,6.64,161870,1078985
21-08-2012,7.3,7.3,6.62,6.89,145947,985038
17-08-2012,6.69,7.8,6.21,6.96,492621,3372147
16-08-2012,6.6,6.6,6.21,6.5,490938,3155663
14-08-2012,6.65,6.65,6.2,6.36,211053,1340464
13-08-2012,6.7,6.7,6.22,6.36,388803,2457437
10-08-2012,6.75,6.75,6.05,6.35,353415,2216837
09-08-2012,6.44,6.44,6.22,6.29,360455,2270568
08-08-2012,6.4,6.4,6.18,6.33,217177,1371046
07-08-2012,6.45,6.48,6.15,6.29,144746,908310
06-08-2012,6.2,6.39,6,6.28,217071,1347400
03-08-2012,6.06,6.18,5.95,6.1,517276,3140614
02-08-2012,6.4,6.4,5.68,6.07,368635,2220059
01-08-2012,6.09,6.09,5.65,5.87,548233,3227707
31-07-2012,6.09,6.09,5.73,5.9,434472,2542642
30-07-2012,6.45,6.45,5.53,5.89,357613,2057689
27-07-2012,5.86,5.86,5.56,5.72,434086,2480983
26-07-2012,5.65,5.91,5.56,5.75,318795,1823672
25-07-2012,5.43,6.1,5.36,5.77,435112,2443358
24-07-2012,5.37,5.64,5.3,5.6,765673,4249848
23-07-2012,5.45,5.75,5.3,5.61,109832,605886
20-07-2012,5.85,5.85,5.29,5.56,277836,1519165
19-07-2012,5.4,5.99,4.95,5.56,449692,2383689
18-07-2012,5.01,5.37,5,5.28,250393,1317315
17-07-2012,5.49,5.49,5.08,5.29,434777,2297566
16-07-2012,5.49,5.49,5.2,5.29,261432,1375584
13-07-2012,5.35,5.39,5.12,5.26,282262,1489360
12-07-2012,5.44,5.44,5.07,5.27,188119,985549
11-07-2012,5.2,5.69,5.02,5.15,347132,1789125
10-07-2012,5.5,5.5,5.16,5.25,300253,1576669
09-07-2012,5.5,5.5,5.07,5.28,343168,1772193
06-07-2012,6.15,6.15,4.96,5.07,277937,1431967
05-07-2012,5.5,5.5,5.05,5.15,259769,1338274
04-07-2012,5.18,5.3,4.95,5.07,404868,2046495
03-07-2012,5.55,5.55,5.14,5.18,209380,1083557
02-07-2012,5.16,5.31,4.98,5.23,287014,1467704
29-06-2012,5.23,5.24,5.07,5.19,319879,1651535
28-06-2012,5.3,5.3,5.01,5.04,294364,1489160
27-06-2012,5.26,5.26,5,5.17,202147,1037394
26-06-2012,5.3,5.3,4.96,5.06,153662,775794
25-06-2012,5.09,5.29,4.95,5.05,341741,1725642
22-06-2012,5.45,5.45,4.95,5.1,333418,1677293
21-06-2012,5.5,5.5,4.95,5.07,372993,1887074
20-06-2012,5.35,5.35,4.54,5,399779,2009924
19-06-2012,5.48,5.48,5.15,5.26,252806,1325748
18-06-2012,5.77,5.77,5.18,5.34,235967,1255008
15-06-2012,5.48,5.48,5.04,5.26,220356,1154539
14-06-2012,5.55,5.55,4.86,5.27,541338,2813010
13-06-2012,5.45,5.45,5.1,5.23,340646,1784967
12-06-2012,5.25,5.49,4.76,5.22,279621,1433269
11-06-2012,5.66,5.66,5,5.21,471172,2467140
08-06-2012,5.4,5.8,4.9,5.27,132304,694158
07-06-2012,5.3,5.84,5.21,5.39,94129,507948
06-06-2012,5.4,6.35,5.17,5.27,200218,1070550
05-06-2012,6,6.5,4.84,5.38,545227,2868388
04-06-2012,6.74,6.88,5.55,5.92,521142,3138205
01-06-2012,6.48,6.73,5.26,6.29,117744,744553
31-05-2012,7.38,7.38,5.66,6.41,344168,2229857
30-05-2012,7.65,7.65,6.36,6.51,334814,2150918
29-05-2012,7.84,7.84,6.35,6.45,274175,1783449
28-05-2012,6.84,6.84,6.47,6.56,119190,781158
25-05-2012,6.89,6.89,6.43,6.52,145350,962974
24-05-2012,7.75,7.75,6.26,6.57,223712,1476505
23-05-2012,7.85,7.85,6.25,6.6,77932,514091
22-05-2012,7.1,7.1,6.46,6.61,181890,1214450
21-05-2012,7,7,6.35,6.59,268772,1806338
18-05-2012,7.04,7.04,6.75,6.91,157924,1078456
17-05-2012,7.01,7.01,6.65,6.85,372585,2548712
16-05-2012,7.28,7.28,6.55,6.93,277783,1919960
15-05-2012,7.28,7.28,6.94,7.11,265243,1878868
14-05-2012,7.39,7.39,6.55,7.16,240000,1689327
11-05-2012,7.28,7.28,6.98,7.17,202547,1436479
10-05-2012,7.28,7.28,6.97,7.19,288308,2056565
09-05-2012,7.48,7.48,6.95,7.25,279208,2014170
08-05-2012,7.6,7.6,6.76,7.3,155280,1110161
07-05-2012,7.24,7.48,7,7.19,156257,1128423
04-05-2012,7.3,7.45,6.9,7.31,247135,1763865
03-05-2012,7,7.49,6.97,7.29,416752,2992877
02-05-2012,7.2,7.23,7,7.14,142490,1011929
30-04-2012,6.9,7.14,6.68,7,263157,1812645
28-04-2012,7.34,7.34,6.62,6.72,21671,145799
27-04-2012,6.55,6.86,6.45,6.73,196122,1303894
26-04-2012,6.9,6.9,6.27,6.66,268962,1776603
25-04-2012,6.9,6.9,6.45,6.67,324013,2149993
24-04-2012,6.7,6.7,6.4,6.6,277290,1809718
23-04-2012,6.48,6.79,6.3,6.51,161853,1053114
20-04-2012,6.39,6.58,6.1,6.48,234143,1490499
19-04-2012,6.85,6.85,5.96,6.31,392214,2494644
18-04-2012,6.75,7.09,6.35,6.6,248609,1672751
17-04-2012,6.65,7,6.35,6.85,241793,1646731
16-04-2012,6.25,6.54,6.03,6.45,385145,2414146
13-04-2012,6.27,6.27,5.75,5.95,100212,595598
12-04-2012,5.65,5.9,5.25,5.7,245771,1391928
11-04-2012,4.5,5.16,4.05,5.04,347348,1688044
10-04-2012,4.25,4.39,4,4.3,94745,390047
09-04-2012,4.55,4.55,3.75,4.03,595892,2376480
04-04-2012,4.21,4.21,3.8,4,210201,828653
03-04-2012,4.78,4.78,3.9,4.01,264710,1076606
02-04-2012,4.88,4.88,4.1,4.21,317186,1353377
30-03-2012,5.15,5.15,4.25,4.67,329410,1500858
29-03-2012,4.9,5.2,4.21,4.45,168985,759328
28-03-2012,5.98,5.98,4.7,4.82,104249,541466
27-03-2012,5.89,5.89,5,5.16,458025,2585973
26-03-2012,5.89,5.89,5.45,5.73,183247,1049177
23-03-2012,6.97,6.97,5.4,5.66,382518,2128308
22-03-2012,5.98,5.99,5.65,5.81,244870,1447760
21-03-2012,5.99,6.09,5.76,5.88,287091,1698164
20-03-2012,6.6,6.6,5.79,5.89,180749,1061176
19-03-2012,6.88,6.88,5.79,5.88,107997,646080
16-03-2012,6.19,6.19,5.7,5.93,231328,1390606
15-03-2012,6,6.15,5.6,5.95,358693,2113060
14-03-2012,6.29,6.29,5.76,6.15,246944,1501359
13-03-2012,5.98,5.98,5.77,5.94,33316,197876
12-03-2012,6.39,6.39,5.8,5.86,276894,1702712
09-03-2012,5.84,6.25,4.71,6.02,413185,2435924
07-03-2012,5.84,5.84,5.59,5.73,162595,928265
06-03-2012,6,6,4.81,5.73,283337,1535756
05-03-2012,5.89,6.06,5.75,5.97,212918,1256525
03-03-2012,5.77,6,5.38,5.7,249503,1400522
02-03-2012,6.17,6.17,5.72,5.97,224435,1338788
01-03-2012,5.8,6.1,5.65,6.05,193573,1154482
29-02-2012,6.15,6.15,5.51,5.98,378614,2240277
28-02-2012,6.25,6.25,5.65,6,187301,1099513
27-02-2012,6.01,6.01,5.43,5.9,425951,2452704
24-02-2012,6.88,6.88,6.03,6.03,234221,1444928
23-02-2012,6.62,7,6.34,6.69,249709,1651272
22-02-2012,6.78,6.78,6.4,6.56,162689,1068412
21-02-2012,6.79,6.79,6.5,6.74,170427,1141537
17-02-2012,6.99,6.99,6.36,6.71,55546,370748
16-02-2012,7.12,7.12,6.32,6.69,188457,1247123
15-02-2012,7.29,7.29,6.49,6.96,746331,5007811
14-02-2012,6.66,6.85,6.08,6.69,703104,4590632
13-02-2012,6.98,7.09,6.5,6.75,281709,1892003
10-02-2012,6.96,6.99,6.61,6.87,213525,1477917
09-02-2012,7,7,6.56,6.83,295628,2008996
08-02-2012,7,7,6.56,6.85,142310,977544
07-02-2012,6.9,6.93,6.15,6.88,380027,2559191
06-02-2012,7.19,7.19,6.6,6.78,254812,1750524
03-02-2012,7,7.23,6.7,6.89,253441,1765797
02-02-2012,7.55,8.19,6.93,7.36,454310,3436573
01-02-2012,7.78,7.79,7.5,7.69,459010,3541534
31-01-2012,7.78,7.97,7.4,7.67,565137,4348846
30-01-2012,7.6,7.8,7.39,7.63,564866,4312492
27-01-2012,7.1,7.7,6.91,7.6,216102,1602625
25-01-2012,6.97,7.19,6.64,7.08,633842,4432219
24-01-2012,7,7,6.71,6.97,152316,1057192
23-01-2012,7.73,7.74,7,7.15,525837,3890357
20-01-2012,7.7,7.8,7.3,7.55,269906,2043794
19-01-2012,7.29,7.8,6.8,7.7,597413,4382506
18-01-2012,7.58,7.58,6.87,7.12,713949,5127399
17-01-2012,7.98,8,7.3,7.38,312493,2395583
16-01-2012,8.76,8.76,7.8,7.95,367353,2937663
13-01-2012,8.29,8.32,7.63,7.97,356051,2873149
12-01-2012,8.44,8.44,7.85,8.15,465807,3796790
11-01-2012,8.35,8.45,7.6,7.93,240096,1931060
10-01-2012,8.5,8.5,8,8.35,167194,1385214
09-01-2012,8.56,8.56,8.05,8.38,233766,1959829
07-01-2012,8.35,8.49,8.2,8.37,97897,821203
06-01-2012,8.35,8.55,7.99,8.12,425123,3484567
05-01-2012,8.59,8.59,8.15,8.23,215733,1777465
04-01-2012,8.38,8.38,8.02,8.22,278841,2292820
03-01-2012,8.26,8.45,7.66,8.24,668491,5333409
02-01-2012,8.45,8.45,7.96,8.06,471215,3809340
30-12-2011,8.58,8.58,8.2,8.37,99916,841383
29-12-2011,8.06,8.55,8.06,8.46,145655,1222961
28-12-2011,8.68,8.69,8.08,8.42,185356,1551106
27-12-2011,8.67,8.67,8.25,8.5,198945,1676210
26-12-2011,8.6,8.6,8.15,8.4,185601,1565307
23-12-2011,8.65,8.65,8.2,8.36,115998,972292
22-12-2011,8.55,8.55,7.99,8.34,200913,1659365
21-12-2011,8.45,8.6,7.82,8.3,186969,1563560
20-12-2011,8.44,8.45,8.1,8.23,355256,2895505
19-12-2011,9.13,9.13,8.4,8.52,250664,2113706
16-12-2011,9.3,9.3,8.42,8.84,231487,2016898
15-12-2011,9.33,9.33,8.58,8.86,346502,3077633
14-12-2011,9.64,9.64,8.82,9.03,523456,4718528
13-12-2011,9.44,9.44,8.91,9.23,291396,2676219
12-12-2011,9.02,9.08,8.62,9.02,166798,1501552
09-12-2011,8.65,8.87,8.13,8.67,297193,2524338
08-12-2011,8.23,8.89,8.23,8.54,510907,4301730
07-12-2011,9.53,9.53,8.66,8.66,113534,1030381
05-12-2011,9.2,9.24,8.97,9.11,111704,1018901
02-12-2011,9,9.18,8.77,9.1,220408,1988261
01-12-2011,8.78,8.85,8.43,8.81,453804,3992212
30-11-2011,8.48,8.6,8.15,8.45,264444,2197300
29-11-2011,8.5,8.5,7.88,8.28,290758,2383105
28-11-2011,8.14,8.24,7.47,8.19,259137,2058034
25-11-2011,8.3,8.3,7.61,7.86,324573,2509479
24-11-2011,8.23,8.25,7.7,8,95647,765864
23-11-2011,8.07,8.07,7.62,7.9,156004,1225187
22-11-2011,7.8,7.89,7.16,7.81,194667,1476614
21-11-2011,7.5,7.88,7.41,7.52,239471,1789448
18-11-2011,7.62,7.9,7.48,7.79,238964,1836488
17-11-2011,8.05,8.05,7.49,7.87,300606,2323185
16-11-2011,7.7,7.95,7.3,7.88,98151,741977
15-11-2011,7.68,7.78,7.04,7.68,239609,1744427
14-11-2011,8.03,8.03,7.28,7.41,198034,1480218
11-11-2011,7.89,7.89,7.21,7.66,512139,3931372
09-11-2011,7.52,7.52,7.52,7.52,85513,643057
08-11-2011,7.17,7.17,7.17,7.17,135993,975069
04-11-2011,6.83,6.83,6.8,6.83,44134,301370
03-11-2011,6.43,6.51,6.3,6.51,154089,1001586
02-11-2011,6.19,6.23,5.95,6.2,277001,1716821
01-11-2011,5.85,6.2,5.7,5.94,406109,2370536
31-10-2011,6.3,6.3,5.86,5.99,486587,2910922
28-10-2011,6.78,6.78,6.16,6.16,77516,480297
26-10-2011,7.04,7.05,6.46,6.48,133127,878949
25-10-2011,6.77,6.99,6.77,6.79,224835,1525802
24-10-2011,7.6,7.6,7.12,7.12,123992,905065
21-10-2011,7.5,7.76,7.06,7.49,290504,2150181
20-10-2011,7.7,7.99,7.23,7.43,206199,1560874
19-10-2011,7.58,8.15,7.58,7.61,416446,3166234
18-10-2011,7.97,7.97,7.97,7.97,58333,464914
17-10-2011,8.38,8.38,8.38,8.38,5229,43819
14-10-2011,8.82,8.82,8.82,8.82,62627,552370
13-10-2011,9.9,9.9,9.28,9.28,27334,254502
12-10-2011,9.78,9.94,9.76,9.76,122347,1198289
11-10-2011,10.97,10.97,10.16,10.27,227755,2366545
10-10-2011,11.37,11.38,10.59,10.69,138248,1495356
07-10-2011,10.1,11.16,10.1,11.14,837112,8873834
05-10-2011,10.65,10.92,10.63,10.63,102021,1094791
04-10-2011,11.18,11.5,11.18,11.18,434297,4929665
03-10-2011,12.34,12.35,11.47,11.76,478272,5708854
30-09-2011,12.36,12.36,11.68,12.07,139930,1684005
29-09-2011,12.7,12.88,11.84,12.19,98202,1213273
28-09-2011,12.5,12.5,11.77,12.35,129155,1578109
27-09-2011,12.98,12.98,11.99,12.31,362012,4443316
26-09-2011,13.67,13.67,12.59,12.62,185424,2429111
23-09-2011,13.09,14,13.09,13.25,308148,4124706
22-09-2011,12.93,14.1,12.93,13.77,121025,1640338
21-09-2011,14.65,14.65,13.7,14.08,202193,2840462
20-09-2011,14.75,15.3,14.08,14.31,180715,2648434
19-09-2011,14.35,15.17,14.04,14.82,281170,4107354
16-09-2011,14.87,15.54,14.61,14.77,160166,2401270
15-09-2011,15.5,15.78,14.76,15.2,317729,4839321
14-09-2011,15.97,15.98,14.71,15.24,661443,10086063
13-09-2011,16.18,16.19,15.2,15.48,217966,3433118
12-09-2011,16,16.1,15.3,15.94,191162,3031402
09-09-2011,15.7,16.14,15.3,15.87,213729,3384707
08-09-2011,15.25,15.97,15.25,15.92,435481,6906400
07-09-2011,14.55,15.25,14.5,15.21,210019,3186222
06-09-2011,14.25,14.7,13.9,14.67,222045,3215501
05-09-2011,13.95,14.06,12.75,14.04,157963,2199550
02-09-2011,13.49,13.57,12.66,13.41,101297,1352448
30-08-2011,12.72,13.12,12.51,12.94,24769,322472
29-08-2011,12.44,12.5,11.93,12.5,30753,384256
26-08-2011,11.9,11.91,11.65,11.91,32312,384613
25-08-2011,10.96,11.52,10.61,11.35,47691,525370
24-08-2011,10.75,11,10.3,10.98,12369,134377
23-08-2011,10.25,11.25,10.2,10.84,36474,392650
22-08-2011,10.12,10.75,10.12,10.72,7534,80452
19-08-2011,10.4,10.58,9.6,10.54,16602,164467
18-08-2011,10.95,10.98,10.1,10.1,28900,298432
17-08-2011,9.71,10.69,9.71,10.63,9708,102299
16-08-2011,10.2,10.2,10.18,10.2,4000,40775
12-08-2011,10.19,11.15,10.19,10.71,25967,275540
11-08-2011,10.5,10.74,10.05,10.72,2593,27614
10-08-2011,10.5,10.94,10.19,10.57,20293,215351
09-08-2011,10.88,10.88,9.86,10.72,17519,181654
08-08-2011,10,10.48,9.5,10.37,78605,810060
05-08-2011,9.2,10.14,9.18,9.99,88132,836901
04-08-2011,9.5,10.39,9.5,9.66,16851,172420
03-08-2011,10.5,10.5,9.98,9.99,17350,174053
02-08-2011,10.1,10.69,9.8,10.5,16101,163304
01-08-2011,9.76,10.23,9.76,10.2,27203,274629
29-07-2011,8.86,9.75,8.86,9.75,15019,141989
28-07-2011,9.3,9.3,8.81,9.29,63720,591808
27-07-2011,8.75,9.25,8.52,9.22,27817,252720
26-07-2011,9.03,9.04,8.18,8.96,24046,210128
25-07-2011,8.61,9.05,8.58,8.61,4228,37183
22-07-2011,9.5,9.5,9.03,9.03,19522,178338
21-07-2011,9.85,9.85,9.35,9.5,3888,37652
20-07-2011,9.5,9.8,9.11,9.79,6609,62263
19-07-2011,9.35,9.43,8.73,9.37,5380,48929
18-07-2011,9.01,9.68,8.91,9.01,9650,87669
15-07-2011,9.19,9.99,9.19,9.37,9141,85805
14-07-2011,9,9.85,8.95,9.67,3625,32981
13-07-2011,9.05,9.8,9,9.42,5830,53034
12-07-2011,9.5,9.5,9.47,9.47,6464,61238
11-07-2011,10.45,10.45,9.76,9.96,31129,309180
08-07-2011,10,10.27,9.99,10.27,8260,84040
07-07-2011,10,10,9.76,9.83,16468,164031
06-07-2011,10.23,10.49,10,10.24,4221,43239
05-07-2011,10.25,10.25,10.23,10.24,3471,35516
04-07-2011,11.28,11.28,10.22,10.24,8823,95477
01-07-2011,10.77,10.78,10.3,10.75,16671,178408
30-06-2011,10.27,10.27,10.27,10.27,1770,18177
29-06-2011,9.08,9.9,9.08,9.79,17234,168393
28-06-2011,10.2,10.2,9.3,9.55,4884,47844
27-06-2011,9.75,9.75,9.75,9.75,1938,18895
24-06-2011,10.25,10.76,10.23,10.25,4114,42430
23-06-2011,10.76,11,10.76,10.76,3892,41933
22-06-2011,10.9,12.03,10.9,11.32,33615,379697
21-06-2011,11.46,12.65,11.46,11.46,1737,20417
20-06-2011,12.1,12.1,12.06,12.06,832,10037
17-06-2011,12.71,12.71,12.69,12.69,1450,18402
16-06-2011,13.35,13.35,13.35,13.35,179,2389
15-06-2011,14.79,14.8,13.5,14.01,41667,595734
14-06-2011,13.45,14.29,13.45,14.19,17808,252904
13-06-2011,14.28,14.28,13.25,13.98,17878,250331
10-06-2011,13.73,13.79,13,13.78,4411,60689
09-06-2011,13.97,13.98,12.82,13.68,24723,341945
08-06-2011,13.27,14.56,13.27,13.4,20674,290706
07-06-2011,14.7,14.75,13.78,13.9,12742,184767
06-06-2011,14,14.5,14,14.5,150,2125
03-06-2011,13.75,14.55,13.49,14.04,5395,74770
02-06-2011,14.45,14.45,13.73,14.19,50544,721606
01-06-2011,13.5,14.55,13.5,14.45,27480,395879
31-05-2011,13.55,14,13.35,13.95,2885,39520
30-05-2011,13.65,14.25,13.55,14,28755,401128
27-05-2011,14.9,14.9,13.9,14.25,25502,363274
26-05-2011,14.8,14.8,13.6,14.55,48706,688746
25-05-2011,14.55,14.55,14.3,14.3,15201,218762
24-05-2011,13.4,14.95,13.4,14.35,13452,189814
23-05-2011,14.5,14.5,13.7,14.4,3507,50438
20-05-2011,14.2,14.6,13.35,14,22216,305971
19-05-2011,14.25,15.45,13.75,14.05,7468,105084
18-05-2011,14.95,15.65,14.1,15.25,24730,372171
17-05-2011,14.25,15.35,14.25,15,9413,139201
16-05-2011,15.95,15.95,13.9,14.25,11058,162252
13-05-2011,15.3,15.35,13.6,14.85,29398,430462
12-05-2011,14.05,15,14.05,14.25,13211,194127
11-05-2011,14.4,15,14.4,14.95,16802,251093
10-05-2011,15,15.75,14.7,15.3,13955,210443
09-05-2011,16.5,16.5,14.55,15.45,44622,685568
06-05-2011,15.7,16.15,14.2,15.7,12376,191652
05-05-2011,14.75,15.85,14.7,14.7,25334,375961
04-05-2011,15.45,16.9,15.45,15.45,4312,67092
03-05-2011,16.25,17.85,16.25,16.25,32041,543880
02-05-2011,18.1,18.5,17.1,17.1,35508,627330
29-04-2011,18.17,18.17,17.2,17.98,77256,1397648
28-04-2011,17.31,17.31,17.31,17.31,23611,408706
27-04-2011,16.44,16.49,16.44,16.49,4482,73768
26-04-2011,15.7,15.71,15.25,15.71,4999,78476
25-04-2011,14.95,14.97,14.2,14.97,34920,513855
21-04-2011,14.65,14.65,13.3,14.26,99389,1392235
20-04-2011,13.7,13.96,13.45,13.96,60367,835163
19-04-2011,13.9,13.9,13.2,13.3,26750,359102
18-04-2011,14.1,14.1,13.16,13.63,31816,433519
15-04-2011,13.56,14.35,13.4,13.76,16299,228570
13-04-2011,13.28,14.1,13.28,14.08,20739,291120
11-04-2011,13.89,14,13.12,13.85,33050,446282
08-04-2011,13.13,14.46,13.13,13.49,11551,159474
07-04-2011,13.12,13.9,13.12,13.79,31302,429265
06-04-2011,14,14.49,13.55,13.8,2660,37039
05-04-2011,13.75,14.28,13.75,13.95,43467,609684
04-04-2011,13.6,13.63,13,13.6,29688,394519
01-04-2011,13.12,13.12,12.16,12.99,5002,64520
31-03-2011,13,13,12.05,12.5,29847,377643
30-03-2011,12.85,12.85,11.7,12.5,18485,229738
29-03-2011,13.65,13.7,12.2,12.25,8665,109529
28-03-2011,14.85,14.85,12.9,13.5,43158,593109
25-03-2011,14.95,14.95,13.55,13.8,37522,529151
24-03-2011,14.7,15.65,14.35,14.6,16771,247518
23-03-2011,14.05,16.45,14.05,15.45,20122,299875
22-03-2011,14.05,16.35,14.05,15.4,85976,1331432
21-03-2011,15.45,15.55,13.7,15.2,162048,2360858
18-03-2011,12.3,14.55,12.3,14.25,43116,585609
17-03-2011,12.8,14.6,12.65,13.25,86296,1147046
16-03-2011,14.8,15.1,13.1,13.95,69924,964448
15-03-2011,14,15.3,13.35,14.45,61029,845518
14-03-2011,14.35,16,13.45,14.15,55876,823827
11-03-2011,16.55,16.7,14.7,14.75,25704,387250
10-03-2011,16,16.6,14.9,16.05,21876,338781
09-03-2011,16.7,16.85,14.35,16.05,66940,1097292
08-03-2011,16.9,16.9,14.6,15.85,67764,1067366
07-03-2011,16.8,16.8,15.25,15.5,15163,232604
04-03-2011,15.8,16.85,15.8,16,6673,106842
03-03-2011,17.4,17.4,16.55,16.6,31513,524795
01-03-2011,17.7,17.7,16.7,17.4,24159,419673
28-02-2011,17,17.15,15.55,16.95,24587,409096
25-02-2011,16,16.5,15.85,16.35,60664,987323
24-02-2011,17.45,17.45,16.2,16.65,6251,103093
23-02-2011,17.45,17.65,16.75,16.95,12800,219142
22-02-2011,17.4,17.4,16.4,17.15,11118,186324
21-02-2011,17.65,17.65,16.85,16.85,14163,245590
18-02-2011,18.3,18.3,16.8,16.85,6541,112266
17-02-2011,17.55,18.8,17.45,17.55,40746,734188
16-02-2011,18.15,18.3,17,18.3,37191,660969
15-02-2011,17.2,18.8,17.15,17.45,73548,1271455
14-02-2011,18.2,18.35,17,18,49343,889803
11-02-2011,16.85,18.35,16.85,17.5,84295,1464956
10-02-2011,18.4,18.4,16.75,17.65,68998,1200808
09-02-2011,18.55,18.55,17.2,17.6,31125,556729
08-02-2011,17.1,18.7,17.1,18.1,70285,1256558
07-02-2011,16.8,18.4,16.75,17.85,45048,769811
04-02-2011,18.45,18.45,17.45,17.6,69295,1216746
03-02-2011,19.6,19.6,18.35,18.35,74536,1374654
02-02-2011,18,19.8,18,19.3,106675,2012705
01-02-2011,18.65,19.65,18.35,18.9,27103,512217
31-01-2011,20.65,20.65,18.85,19.25,55041,1053254
28-01-2011,21.2,21.2,19.6,19.8,58946,1158058
27-01-2011,21.55,21.55,19.7,20.6,100743,2039282
25-01-2011,20.75,21.75,20,20.7,158433,3220521
24-01-2011,21.05,21.3,20.05,21,68638,1432049
21-01-2011,19.5,20.75,19.5,20.35,116645,2369245
20-01-2011,19.55,20.85,19.25,20.05,174115,3412071
19-01-2011,21.15,21.3,20.25,20.25,138620,2844656
18-01-2011,22.25,22.3,21.1,21.3,129077,2789059
17-01-2011,19.6,21.5,19.5,21.25,230318,4650631
14-01-2011,20.7,21.9,20.5,20.5,141661,3016846
13-01-2011,20.65,22.7,20.65,21.35,66067,1438757
12-01-2011,22,22.1,20.15,21.65,136459,2934100
11-01-2011,21.05,22.4,21.05,21.05,33594,708099
10-01-2011,23.8,23.8,22.15,22.15,95485,2115206
07-01-2011,25,25,23.3,23.3,73584,1727776
06-01-2011,26.45,26.95,24.5,24.5,101147,2586583
05-01-2011,26.15,27.65,25.7,25.75,78375,2033635
04-01-2011,27.65,28.25,26.6,27,112259,3077291
03-01-2011,28.45,29,27.55,27.95,95319,2696968
31-12-2010,29.2,29.2,27.05,27.7,74284,2102122
30-12-2010,29,29.2,27.8,28.45,59956,1721351
29-12-2010,28.9,29.1,26.65,28.7,114274,3251668
28-12-2010,28.8,28.8,27,27.75,87342,2442856
27-12-2010,28.2,28.55,25.85,27.45,81405,2268753
24-12-2010,27.2,27.2,26.25,27.2,272020,7397838
23-12-2010,24.05,25.95,24,25.95,49921,1292318
22-12-2010,24.75,24.75,24.75,24.75,25312,626472
21-12-2010,23.3,23.6,22.5,23.6,19203,450550
20-12-2010,21.7,22.5,21.05,22.5,140388,3134122
16-12-2010,20.8,21.45,20.05,21.45,111709,2358042
15-12-2010,21.1,21.55,19.7,20.45,183375,3778639
14-12-2010,20.5,21.5,20.5,20.7,814728,16797079
13-12-2010,21.55,21.55,21.55,21.55,9494,204595
10-12-2010,22.65,22.65,22.65,22.65,4224,95673
09-12-2010,23.8,23.8,23.8,23.8,4,95
08-12-2010,25.05,25.05,25.05,25.05,1050,26302
07-12-2010,26.35,26.35,26.35,26.35,17871,470900
06-12-2010,27.7,27.7,27.7,27.7,51825,1435552
03-12-2010,29.15,29.15,29.15,29.15,111698,3255996
02-12-2010,30.65,30.65,30.65,30.65,11351,347908
01-12-2010,34.05,34.05,34.05,34.05,1523,51858
30-11-2010,37.8,37.8,37.8,37.8,4340,164052
29-11-2010,49.8,50,41.95,41.95,83616,3571721
26-11-2010,67.85,67.85,52.4,52.4,121293,6573614
25-11-2010,58.9,67.5,53.5,65.45,249813,15183849
24-11-2010,59.85,59.85,55.45,58.05,138337,8119557
23-11-2010,58.6,61.4,57,58.8,96176,5697135
22-11-2010,65.55,65.55,58.65,60.4,138794,8372434
19-11-2010,62.55,68,56.3,59.75,167476,10116900
18-11-2010,75,75,51.7,57.85,189923,11337402
16-11-2010,80,80,64,64.6,259030,17125879
15-11-2010,69,71,64,66.8,231331,15683395
12-11-2010,70.5,70.5,67.2,68.35,199337,13614101
11-11-2010,70,70,67.2,68.5,197945,13686893
10-11-2010,72,84,67.45,68.75,243074,16937126
09-11-2010,71.45,72,69.6,70.6,164747,11641262
08-11-2010,71,71.5,67,71.05,240047,16672577
05-11-2010,66.55,70.5,66.55,68.7,61082,4179775
04-11-2010,70.9,70.9,64.95,66.3,116298,7769154
03-11-2010,68.9,70.95,65,66.4,234960,16344003
02-11-2010,71,71,65.1,67.9,171150,11658843
01-11-2010,64,69,63.5,65.85,136964,9034516
29-10-2010,66.25,66.5,62.7,64.25,123701,8027720
28-10-2010,67.5,67.95,63.2,65.7,152313,10062709
27-10-2010,64,68,64,66.45,165482,10976027
26-10-2010,64.3,67.85,63,64.1,167399,11012187
25-10-2010,57.05,61.7,56,61.7,140145,8488356
22-10-2010,54.05,57,53.55,56.1,240613,13296790
21-10-2010,54.2,55.5,53.45,54.3,196224,10658511
20-10-2010,53.5,55.25,53.5,55,216389,11764179
19-10-2010,54,55.7,53,53.45,210295,11261333
18-10-2010,52,54.5,52,54.35,156786,8438275
15-10-2010,55.4,55.4,52.15,53.55,192643,10372586
14-10-2010,55.65,55.65,53.3,54.15,263871,14269742
13-10-2010,54.9,57.5,53.1,53.9,204262,11319505
12-10-2010,51.9,54.65,51.2,53.55,285023,15138185
11-10-2010,46.5,52.3,46.5,51.2,182412,9345098
08-10-2010,54.7,54.7,50,51.05,246398,12985575
07-10-2010,53,54.9,53,53.95,215742,11601911
06-10-2010,54.7,54.85,52,53.25,246661,13267636
05-10-2010,55.05,55.55,53,53.95,141029,7591792
04-10-2010,55.15,55.65,53.35,53.6,189927,10368736
01-10-2010,54.9,55.5,53.25,54.45,186883,10220636
30-09-2010,55.9,55.9,54.1,54.75,115287,6356029
29-09-2010,56.35,56.4,54,55.4,153335,8512362
28-09-2010,55.1,56.9,51.05,55.15,326230,17871182
27-09-2010,55.5,56.95,54.8,56.55,170691,9523833
24-09-2010,56,56.65,54.35,55.55,184785,10212597
23-09-2010,57.25,57.35,54,55.8,245744,13715918
22-09-2010,54.8,55.65,53.25,54.5,436457,23830476
21-09-2010,55.1,55.2,52.75,53.8,246514,13258056
20-09-2010,55.9,57,51.95,53.8,247443,13458301
17-09-2010,59.95,59.95,50,53.75,357340,19326507
16-09-2010,55.9,55.9,53.05,54.5,146665,8015079
15-09-2010,52,55.95,50.7,54.6,158614,8541622
14-09-2010,49,53.25,47.5,52.75,329901,16921415
13-09-2010,49.9,49.9,47.25,48.55,263693,12834102
09-09-2010,48.9,50.3,47,48.5,214125,10516526
08-09-2010,49.15,49.5,48.4,49.3,198336,9736804
07-09-2010,49,49.85,48.45,49.2,172738,8499159
06-09-2010,48.35,50.45,47.7,49.2,148725,7215084
03-09-2010,48.5,49.25,46.8,48.1,143116,6936637
02-09-2010,48.2,48.9,47.15,47.8,151267,7250322
01-09-2010,48.9,49.85,47.55,49.2,165660,8069699
31-08-2010,50.3,50.3,47,49.35,156446,7646298
30-08-2010,51.45,51.45,47.7,47.95,173007,8391071
27-08-2010,51,51.7,49.15,49.95,202481,10207997
26-08-2010,50.5,51.2,49.65,50.35,219707,11052186
25-08-2010,52.65,52.65,49,50.35,125601,6290159
24-08-2010,49.2,51.95,49.2,50.7,161379,8184961
23-08-2010,49,51.9,49,51,136310,6952647
20-08-2010,48.9,50,48.05,49.75,164291,8059084
19-08-2010,47.65,48.1,46.95,47.65,146015,6970761
18-08-2010,47.8,47.8,45.5,46.5,157049,7309359
17-08-2010,48.4,48.4,46.75,47.5,165372,7820799
16-08-2010,48.95,48.95,47.1,47.2,103463,4978193
13-08-2010,48.95,49.9,47.3,48,134629,6490174
12-08-2010,48.95,48.95,46.7,48.3,107098,5197670
11-08-2010,48.85,49.4,48.25,49.15,92916,4542112
10-08-2010,48.7,49.4,47.65,49.15,131354,6421462
09-08-2010,48.5,48.8,47,48.35,120122,5759226
06-08-2010,48.7,49,47,47.95,127016,6140387
05-08-2010,49,49.45,47.2,48.1,174596,8529798
04-08-2010,49.5,50.25,48.6,49.6,135770,6748429
03-08-2010,49.7,50.85,48.5,49.95,141714,7049893
02-08-2010,48.25,50.15,47,48.9,158511,7743163
30-07-2010,50.5,50.5,48.5,48.85,141210,7073054
29-07-2010,50.65,50.65,49.6,50.4,105545,5298660
28-07-2010,50.8,51.5,49.65,50.35,93821,4715035
27-07-2010,51.8,52.65,49,50.35,126827,6433683
26-07-2010,52.1,52.1,49.15,50.95,156931,8013099
23-07-2010,50.2,51.9,47.55,51.55,160965,8167791
22-07-2010,49.8,50.85,47.5,49.9,216608,10721539
21-07-2010,49,50.4,47.2,48.8,184922,9020908
20-07-2010,44.55,48.75,44.55,48,148633,7066961
19-07-2010,43.65,47.75,43.65,46.65,152220,6834345
16-07-2010,44.3,45.5,41.6,45.5,124600,5493391
15-07-2010,44.8,44.8,41.55,43.35,137649,6005274
14-07-2010,43.5,43.95,42.5,43.7,120358,5231812
13-07-2010,41.5,42.8,38.8,42.2,178605,7369908
12-07-2010,41.9,42.35,40,40.8,91997,3763591
09-07-2010,42,42.5,38.7,41.25,137331,5604159
08-07-2010,41.9,42.45,40,40.7,278631,11459569
07-07-2010,42.5,42.5,40.6,41.45,192774,8024087
06-07-2010,41.6,42.5,40.6,41.3,235802,9811579
05-07-2010,46.65,46.65,40.65,41.6,174597,7263929
02-07-2010,43.75,43.75,40.5,41.35,152543,6461560
01-07-2010,42.75,43,41.1,42.1,166796,7051737
30-06-2010,39,42.9,38,42.15,174376,7195489
29-06-2010,37.5,43.6,37.5,39.8,210514,8679678
28-06-2010,47,47,40.8,41.55,228578,9760056
25-06-2010,44.65,44.65,41.05,42.55,270733,11573322
24-06-2010,41.4,46,40.5,43.55,183769,8061610
23-06-2010,34.7,40.65,34.5,40.5,309970,11641113
22-06-2010,34.5,34.5,33.3,33.9,280980,9513612
21-06-2010,34.3,34.4,33.3,33.85,215733,7319709
18-06-2010,34.9,34.9,32.7,33.45,208341,7003487
17-06-2010,33.95,33.95,33,33.85,160614,5421920
16-06-2010,34,34.55,33.25,34,157763,5374530
15-06-2010,33.1,33.95,33,33.65,124041,4161578
14-06-2010,32,33.4,31.7,32.95,207454,6769673
11-06-2010,31.9,32.5,31.25,32.25,124593,4003564
10-06-2010,31.4,32.7,31.4,31.65,131701,4185843
09-06-2010,31.55,33,30.65,32.25,182495,5777762
08-06-2010,31.75,31.75,30.5,31.15,147643,4607608
07-06-2010,31.9,32.5,30.7,30.85,166281,5262576
04-06-2010,33,33.25,31.5,32,101333,3305015
03-06-2010,33.75,34.4,32.15,32.85,98390,3221932
02-06-2010,31.75,33.95,31.75,32.95,163223,5392143
01-06-2010,33.1,34.95,32.1,32.4,227616,7653240
31-05-2010,34.25,35.25,32,33.8,175820,5955451
28-05-2010,35.5,35.5,32.5,33.85,183776,6328570
27-05-2010,35.9,35.9,34,34.25,240752,8442138
26-05-2010,34.3,36.45,34,35.2,262843,9306900
25-05-2010,36.9,36.9,33.15,34.5,316586,10885162
24-05-2010,35.8,36.6,33.1,35.35,219647,7740545
21-05-2010,37,37,31.5,33.5,221976,7451876
20-05-2010,33.45,34,30.5,33.45,163997,5334586
19-05-2010,30,32.8,29.15,32.3,273490,8695175
18-05-2010,27.25,35,27.25,30.35,228349,7039627
17-05-2010,30.5,32,29.7,31.85,167003,5203771
14-05-2010,30.95,33.9,30,32.25,107233,3408915
13-05-2010,34.7,34.7,31.5,31.55,82676,2730007
12-05-2010,32.95,33.6,32.1,32.75,143571,4724924
11-05-2010,33,33.35,31.5,32.85,110646,3581543
10-05-2010,34.4,34.4,32,32.5,35233,1153911
07-05-2010,33.75,33.8,32.05,32.8,26798,883837
06-05-2010,34.85,34.85,34,34.35,107257,3688529
05-05-2010,34.5,39.7,33.5,34,148504,5370149
04-05-2010,36.95,38.75,35.45,35.9,115767,4245368
03-05-2010,37.45,37.45,35.25,35.45,57890,2099836
30-04-2010,36.45,39,34.4,37.25,93807,3457849
29-04-2010,35.4,35.6,34.55,35.25,58772,2075085
28-04-2010,35.5,36.7,33.9,34.55,94175,3310059
27-04-2010,38,38,34.8,35.65,84624,3036910
26-04-2010,39.4,39.4,35,35.7,125351,4606593
23-04-2010,37.5,37.85,36.7,37,117990,4402360
22-04-2010,38.85,38.85,36,36.7,37152,1381653
21-04-2010,37.9,38.4,36.15,37.4,210368,7931949
20-04-2010,39.3,39.35,36,36.85,245925,9259034
19-04-2010,38.4,38.8,37,37.85,132765,5034236
16-04-2010,39.8,39.85,38.3,38.75,86647,3365254
15-04-2010,38.7,39.35,37.35,38.85,184847,7210919
13-04-2010,38.95,39,38,38,155133,5978526
12-04-2010,39.75,39.75,37.4,38.5,227859,8757022
09-04-2010,38.9,39.8,36.65,38.65,106377,4178840
08-04-2010,40.35,40.4,36.5,39.05,73457,2846171
07-04-2010,40.45,42.8,39.35,40.3,131498,5296872
06-04-2010,33.5,41,30.55,39.7,198698,7540116
05-04-2010,41.1,42,35,37,138042,5481952
01-04-2010,34,41.9,33.5,40.85,102229,4052645
31-03-2010,35.65,38,29.45,34.95,132774,4757987
30-03-2010,36.5,38,34.1,36.8,106636,3921324
29-03-2010,33.55,38,33.45,34,57096,1975039
26-03-2010,40.9,40.95,35.3,36.65,89332,3418593
25-03-2010,39.7,40.4,38,39.05,142850,5647614
23-03-2010,34.3,41.9,34.3,38.9,125564,4868761
22-03-2010,37.25,37.95,29.85,36.15,109295,3955680
19-03-2010,33.6,38.95,33.6,37.3,109255,4111256
18-03-2010,39.55,39.55,37.55,38.15,132217,5115378
17-03-2010,41.5,41.5,38,38.15,63130,2458294
16-03-2010,40,40.9,39.2,40.1,83588,3357121
15-03-2010,38.9,40.15,38,39.9,81214,3205463
12-03-2010,41.8,41.8,38.3,39.35,70123,2806716
11-03-2010,37.5,40,37.5,38.85,150374,5848192
10-03-2010,43.9,44.6,38.2,39.05,135574,5433265
09-03-2010,38.15,40,37.6,38.55,107808,4162265
08-03-2010,39.05,40.45,38.25,38.75,146161,5689687
05-03-2010,40.65,40.7,38.85,39.95,127141,5050442
04-03-2010,35.05,40,35.05,38.8,104806,4163881
03-03-2010,40.35,40.35,38,38.6,36524,1434021
02-03-2010,37,43.85,37,39.85,45706,1858249
26-02-2010,44.8,44.8,37.5,40,56006,2280477
25-02-2010,46.35,46.35,40.15,41.05,24406,1019834
24-02-2010,40.05,43.95,40,42.2,101955,4308349
23-02-2010,42.9,43.9,40.2,42.25,72481,3063103
22-02-2010,40,44,40,43.4,52102,2238722
19-02-2010,41.75,44.3,38.75,41.5,83874,3350940
18-02-2010,42.8,43,40,40.3,55713,2320045
17-02-2010,43.5,44.95,42.35,42.9,120495,5203918
16-02-2010,44.6,44.6,42.25,44.4,174826,7695276
15-02-2010,45,45.6,42.55,43.9,120540,5348101
11-02-2010,52.45,52.45,43.5,44,87394,4115989
10-02-2010,50.5,50.5,47,48,92919,4517016
09-02-2010,52.95,52.95,46.1,49.35,133822,6656936
08-02-2010,54.9,54.9,47.55,49.15,84042,4155243
06-02-2010,45.05,50.25,45.05,49.95,6101,295414
05-02-2010,53,53,45.25,48,70679,3480033
04-02-2010,53.3,53.3,45.4,49.6,80003,4002598
03-02-2010,59,59,48.4,49.2,84572,4393275
02-02-2010,54.95,54.95,52.05,53.75,83619,4441696
01-02-2010,53.5,53.5,48.3,50.85,25247,1310884
29-01-2010,56,56,48.25,49.45,59569,3015307
28-01-2010,50.45,53.9,48.25,51.15,91224,4732422
27-01-2010,57.85,57.85,50.95,52.4,67129,3554511
25-01-2010,54,56.8,52.25,55.5,139320,7700377
22-01-2010,55,57.45,54.3,55.25,48189,2689360
21-01-2010,55.05,58.85,54.25,54.4,108187,6106789
20-01-2010,55.35,59.95,55.35,57.8,181024,10490465
19-01-2010,59.9,61.65,57.15,58.3,119002,7127517
18-01-2010,60.6,62.75,56.2,58.45,127101,7549509
15-01-2010,54.05,61,54.05,60.75,104067,6280433
14-01-2010,61,62.45,57.25,58.35,62016,3716444
13-01-2010,61.55,65.5,58.65,60.9,118354,7522143
12-01-2010,67.1,67.1,63,65.15,85551,5572188
11-01-2010,66.95,66.95,63.55,64.65,86546,5622150
08-01-2010,67,67,63.1,66.2,92461,6051279
07-01-2010,64.2,68.95,60.1,64.95,101503,6681041
06-01-2010,70.5,70.5,63.7,64.6,134116,8951507
05-01-2010,69.25,72.95,66.05,70.75,99908,7086643
04-01-2010,75.8,75.8,65.3,71.6,156017,10979207
31-12-2009,70.5,71.45,66.55,68.95,153879,10768036
30-12-2009,73.75,73.75,68.55,69.1,129935,9263037
29-12-2009,70,72.05,68,68.9,114465,8135604
24-12-2009,70.5,75.8,70.1,74,123949,9153426
23-12-2009,76,76,71.1,73.85,143843,10695487
22-12-2009,80,80,71.5,73.6,74118,5454111
21-12-2009,75,75,67,73.1,45814,3322375
18-12-2009,72,77.9,70.85,74.55,51836,3886269
17-12-2009,60.8,72.95,60.4,70.45,90004,6285896
16-12-2009,58,62.9,50.85,60.8,33864,1902122
15-12-2009,52.55,55.25,51.2,52.45,29216,1575652
14-12-2009,53.1,57.5,53.05,54.45,15133,831261
11-12-2009,54.8,58.4,53.75,54.95,30133,1688423
10-12-2009,55,57.95,53.5,53.8,21157,1156481
09-12-2009,55.8,59.75,51.65,55.9,31122,1716467
08-12-2009,65.95,67.95,56,57.65,37158,2144302
07-12-2009,65.55,71,57.6,65.25,42741,2738481
04-12-2009,84.95,84.95,66.3,71.95,133820,9891860
03-12-2009,72,72,65.2,70.8,84551,6042858
02-12-2009,60,60,60,60,250,15000
01-12-2009,36,50,36,50,30141,1500050
